-- phpMyAdmin SQL Dump
-- version 4.5.1
-- http://www.phpmyadmin.net
--
-- Servidor: 127.0.0.1
-- Tiempo de generación: 10-07-2016 a las 19:53:06
-- Versión del servidor: 10.1.10-MariaDB
-- Versión de PHP: 5.6.15

SET SQL_MODE = "NO_AUTO_VALUE_ON_ZERO";
SET time_zone = "+00:00";


/*!40101 SET @OLD_CHARACTER_SET_CLIENT=@@CHARACTER_SET_CLIENT */;
/*!40101 SET @OLD_CHARACTER_SET_RESULTS=@@CHARACTER_SET_RESULTS */;
/*!40101 SET @OLD_COLLATION_CONNECTION=@@COLLATION_CONNECTION */;
/*!40101 SET NAMES utf8mb4 */;

--
-- Base de datos: `bd_inventario_ucv`
--

-- --------------------------------------------------------

--
-- Estructura de tabla para la tabla `asignacion`
--

CREATE TABLE `asignacion` (
  `id_equ_per` int(5) NOT NULL,
  `idequipo` int(5) NOT NULL,
  `tipo_entrega` varchar(15) NOT NULL,
  `lugar` varchar(100) NOT NULL,
  `fecha_asignacion` date NOT NULL
) ENGINE=InnoDB DEFAULT CHARSET=utf8;

-- --------------------------------------------------------

--
-- Estructura de tabla para la tabla `equipo`
--

CREATE TABLE `equipo` (
  `id` int(5) NOT NULL,
  `codigo` varchar(10) NOT NULL,
  `marca` varchar(30) NOT NULL,
  `serie` varchar(30) NOT NULL,
  `modelo` varchar(30) NOT NULL,
  `idtipo` int(5) NOT NULL,
  `garantia` varchar(30) NOT NULL,
  `fecha_llegada` date NOT NULL,
  `descripcion` varchar(300) NOT NULL,
  `estado` int(30) NOT NULL,
  `cod_per` varchar(10) CHARACTER SET utf8 COLLATE utf8_unicode_ci NOT NULL,
  `nombpc` varchar(50) DEFAULT NULL,
  `asignacion` varchar(30) NOT NULL
) ENGINE=InnoDB DEFAULT CHARSET=utf8;

--
-- Volcado de datos para la tabla `equipo`
--

INSERT INTO `equipo` (`id`, `codigo`, `marca`, `serie`, `modelo`, `idtipo`, `garantia`, `fecha_llegada`, `descripcion`, `estado`, `cod_per`, `nombpc`, `asignacion`) VALUES
(1, 'D3011934', 'LENOVO', 'MJ03H14E', 'THINKCENTRE M800', 1, '12 MESES', '2016-04-07', '8GB RAM; 500GB DISCO DURO; PROCESADOR 6TA GENERACION  I7', 0, 'PER0000011', 'LAB101-PC01', 'ASIGNACION'),
(2, 'D3011925', 'LENOVO', 'MJ03H13V', 'THINKCENTRE M800', 1, '12 MESES', '2016-04-07', '8GB RAM; 500GB DISCO DURO; PROCESADOR 6TA GENERACION  I7', 0, 'PER0000067', 'LAB101-PC02', 'ASIGNACION'),
(3, 'D3011926', 'LENOVO', 'MJ03H16P', 'THINKCENTRE M800', 1, '12 MESES', '2016-04-07', '8GB RAM; 500GB DISCO DURO; PROCESADOR 6TA GENERACION  I7', 0, 'PER0000011', 'LAB101-PC03', 'ASIGNACION'),
(4, 'D3011941', 'LENOVO', 'MJ03H15S', 'THINKCENTRE M800', 1, '12 MESES', '2016-04-07', '8GB RAM; 500GB DISCO DURO; PROCESADOR 6TA GENERACION  I7', 0, 'PER0000011', 'LAB101-PC04', 'ASIGNACION'),
(5, 'D3011931', 'LENOVO', 'MJ03H16W', 'THINKCENTRE M800', 1, '12 MESES', '2016-04-07', '8GB RAM; 500GB DISCO DURO; PROCESADOR 6TA GENERACION  I7', 0, 'PER0000073', 'LAB101-PC05', 'ASIGNACION'),
(6, 'D3011940', 'LENOVO', 'MJ03H145', 'THINKCENTRE M800', 1, '12 MESES', '2016-04-07', '8GB RAM; 500GB DISCO DURO; PROCESADOR 6TA GENERACION  I7', 0, 'PER0000067', 'LAB101-PC06', 'ASIGNACION'),
(7, 'D3011942', 'LENOVO', 'MJ03H16T', 'THINKCENTRE M800', 1, '12 MESES', '2016-04-07', '8GB RAM; 500GB DISCO DURO; PROCESADOR 6TA GENERACION  I7', 0, 'PER0000067', 'LAB101-PC07', 'ASIGNACION'),
(8, 'D3011929', 'LENOVO', 'MJ03H13Y', 'THINKCENTRE M800', 1, '12 MESES', '2016-04-07', '8GB RAM; 500GB DISCO DURO; PROCESADOR 6TA GENERACION  I7', 0, 'PER0000067', 'LAB101-PC08', 'ASIGNACION'),
(9, 'D3011935', 'LENOVO', 'MJ03H151', 'THINKCENTRE M800', 1, '12 MESES', '2016-04-07', '8GB RAM; 500GB DISCO DURO; PROCESADOR 6TA GENERACION  I7', 0, 'PER0000011', 'LAB101-PC09', 'ASIGNACION'),
(10, 'D3011943', 'LENOVO', 'MJ03H16V', 'THINKCENTRE M800', 1, '12 MESES', '2016-04-07', '8GB RAM; 500GB DISCO DURO; PROCESADOR 6TA GENERACION  I7', 0, 'PER0000067', 'LAB101-PC10', 'ASIGNACION'),
(11, 'D3011930', 'LENOVO', 'MJ03H150', 'THINKCENTRE M800', 1, '12 MESES', '2016-04-07', '8GB RAM; 500GB DISCO DURO; PROCESADOR 6TA GENERACION  I7', 0, 'PER0000067', 'LAB101-PC11', 'ASIGNACION'),
(12, 'D3011939', 'LENOVO', 'MJ03H168', 'THINKCENTRE M800', 1, '12 MESES', '2016-04-07', '8GB RAM; 500GB DISCO DURO; PROCESADOR 6TA GENERACION  I7', 0, 'PER0000067', 'LAB101-PC12', 'ASIGNACION'),
(13, 'D3011932', 'LENOVO', 'MJ03H14B', 'THINKCENTRE M800', 1, '12 MESES', '2016-04-07', '8GB RAM; 500GB DISCO DURO; PROCESADOR 6TA GENERACION  I7', 0, 'PER0000067', 'LAB101-PC13', 'ASIGNACION'),
(14, 'D3011944', 'LENOVO', 'MJ03H14P', 'THINKCENTRE M800', 1, '12 MESES', '2016-04-07', '8GB RAM; 500GB DISCO DURO; PROCESADOR 6TA GENERACION  I7', 0, 'PER0000067', 'LAB101-PC14', 'ASIGNACION'),
(15, 'D3011928', 'LENOVO', 'MJ03H16U', 'THINKCENTRE M800', 1, '12 MESES', '2016-04-07', '8GB RAM; 500GB DISCO DURO; PROCESADOR 6TA GENERACION  I7', 0, 'PER0000067', 'LAB101-PC15', 'ASIGNACION'),
(16, 'D3011927', 'LENOVO', 'MJ03H13N', 'THINKCENTRE M800', 1, '12 MESES', '2016-04-07', '8GB RAM; 500GB DISCO DURO; PROCESADOR 6TA GENERACION  I7', 0, 'PER0000067', 'LAB101-PC16', 'ASIGNACION'),
(17, 'D3011936', 'LENOVO', 'MJ03H15D', 'THINKCENTRE M800', 1, '12 MESES', '2016-04-07', '8GB RAM; 500GB DISCO DURO; PROCESADOR 6TA GENERACION  I7', 0, 'PER0000067', 'LAB101-PC17', 'ASIGNACION'),
(18, 'D3011933', 'LENOVO', 'MJ03H166', 'THINKCENTRE M800', 1, '12 MESES', '2016-04-07', '8GB RAM; 500GB DISCO DURO; PROCESADOR 6TA GENERACION  I7', 0, 'PER0000011', 'LAB101-PC18', 'ASIGNACION'),
(19, 'D3011938', 'LENOVO', 'MJ03H13R', 'THINKCENTRE M800', 1, '12 MESES', '2016-04-07', '8GB RAM; 500GB DISCO DURO; PROCESADOR 6TA GENERACION  I7', 0, 'PER0000067', 'LAB101-PC19', 'ASIGNACION'),
(20, 'D3011937', 'LENOVO', 'MJ03H154', 'THINKCENTRE M800', 1, '12 MESES', '2016-04-07', '8GB RAM; 500GB DISCO DURO; PROCESADOR 6TA GENERACION  I7', 0, 'PER0000067', 'LAB101-PC20', 'ASIGNACION'),
(21, 'D3011918', 'LENOVO', 'VK044422', 'THINKVISION E2054', 2, '12 MESES', '2016-04-08', '19.5 PULGADAS', 0, 'PER0000067', NULL, 'ASIGNACION'),
(22, 'D3011907', 'LENOVO', 'VK044424', 'THINKVISION E2054', 2, '12 MESES', '2016-04-08', '19.5 PULGADAS', 0, 'PER0000067', NULL, 'ASIGNACION'),
(23, 'D3011906', 'LENOVO', 'VK044173', 'THINKVISION E2054', 2, '12 MESES', '2016-04-08', '19.5 PULGADAS', 0, 'PER0000067', NULL, 'ASIGNACION'),
(24, 'D3011908', 'LENOVO', 'VK044176', 'THINKVISION E2054', 2, '12 MESES', '2016-04-08', '19.5 PULGADAS', 0, 'PER0000067', NULL, 'ASIGNACION'),
(25, 'D3011923', 'LENOVO', 'VK044172', 'THINKVISION E2054', 2, '12 MESES', '2016-04-08', '19.5 PULGADAS', 0, 'PER0000067', NULL, 'ASIGNACION'),
(26, 'D3011910', 'LENOVO', 'VK044171', 'THINKVISION E2054', 2, '12 MESES', '2016-04-08', '19.5 PULGADAS', 0, 'PER0000067', NULL, 'ASIGNACION'),
(27, 'D3011915', 'LENOVO', 'VK044420', 'THINKVISION E2054', 2, '12 MESES', '2016-04-08', '19.5 PULGADAS', 0, 'PER0000067', NULL, 'ASIGNACION'),
(28, 'D3011917', 'LENOVO', 'VK044423', 'THINKVISION E2054', 2, '12 MESES', '2016-04-08', '19.5 PULGADAS', 0, 'PER0000067', NULL, 'ASIGNACION'),
(29, 'D3011916', 'LENOVO', 'VK044178', 'THINKVISION E2054', 2, '12 MESES', '2016-04-08', '19.5 PULGADAS', 0, 'PER0000067', NULL, 'ASIGNACION'),
(30, 'D3011913', 'LENOVO', 'VK044174', 'THINKVISION E2054', 2, '12 MESES', '2016-04-08', '19.5 PULGADAS', 0, 'PER0000067', NULL, 'ASIGNACION'),
(31, 'D3011924', 'LENOVO', 'VK044175', 'THINKVISION E2054', 2, '12 MESES', '2016-04-08', '19.5 PULGADAS', 0, 'PER0000067', NULL, 'ASIGNACION'),
(32, 'D3011911', 'LENOVO', 'VK044180', 'THINKVISION E2054', 2, '12 MESES', '2016-04-08', '19.5 PULGADAS', 0, 'PER0000067', NULL, 'ASIGNACION'),
(33, 'D3011914', 'LENOVO', 'VK044184', 'THINKVISION E2054', 2, '12 MESES', '2016-04-08', '19.5 PULGADAS', 0, 'PER0000067', NULL, 'ASIGNACION'),
(34, 'D3011921', 'LENOVO', 'VK044421', 'THINKVISION E2054', 2, '12 MESES', '2016-04-08', '19.5 PULGADAS', 0, 'PER0000067', NULL, 'ASIGNACION'),
(35, 'D3011919', 'LENOVO', 'VK044177', 'THINKVISION E2054', 2, '12 MESES', '2016-04-08', '19.5 PULGADAS', 0, 'PER0000067', NULL, 'ASIGNACION'),
(36, 'D3011905', 'LENOVO', 'VK044426', 'THINKVISION E2054', 2, '12 MESES', '2016-04-08', '19.5 PULGADAS', 0, 'PER0000011', NULL, 'ASIGNACION'),
(37, 'D3011909', 'LENOVO', 'VK044418', 'THINKVISION E2054', 2, '12 MESES', '2016-04-09', '19.5 PULGADAS', 0, 'PER0000011', NULL, 'ASIGNACION'),
(38, 'D3011912', 'LENOVO', 'VK044419', 'THINKVISION E2054', 2, '12 MESES', '2016-04-09', '19.5 PULGADAS', 0, 'PER0000011', NULL, 'ASIGNACION'),
(39, 'D3011920', 'LENOVO', 'VK044191', 'THINKVISION E2054', 2, '12 MESES', '2016-04-09', '19.5 PULGADAS', 0, 'PER0000011', NULL, 'ASIGNACION'),
(40, 'D3011922', 'LENOVO', 'VK044181', 'THINKVISION E2054', 2, '12 MESES', '2016-04-09', '19.5 PULGADAS', 0, 'PER0000011', NULL, 'ASIGNACION'),
(41, 'D3009832', 'LENOVO', 'V5600108', 'LENOVO THINK VISION E2223S', 2, '12 MESES', '2016-05-25', '21.5 PULGADAS', 0, 'PER0000600', NULL, 'ASIGNACION'),
(42, 'D3009803', 'LENOVO', 'V5600149', 'LENOVO THINK VISION E2223S', 2, '12 MESES', '2016-05-25', '21.5 PULGADAS', 0, 'PER0000223', NULL, 'ASIGNACION'),
(43, 'D3009723', 'LENOVO', 'MJ022VPA', 'LENOVO THINK CENTRE M83', 1, '12 MESES', '2016-05-26', '16GB RAM; DISCO DURO 1T; PROCESADOR CORE i7 CUARTA GENERACION', 0, 'PER0000223', 'consult02', 'ASIGNACION'),
(44, 'D3009733', 'LENOVO', 'MJ022VKQ', 'LENOVO THINK CENTRE M83', 1, '12 MESES', '2016-05-26', '16GB RAM; DISCO DURO 1T; PROCESADOR CORE i7 CUARTA GENERACION;', 0, 'PER0000600', 'consult01', ''),
(45, 'D3011742', 'HP', 'CNB8H41KNR', 'Hp LaserJet Pro MFP M225dw', 7, '12 MESES', '2016-05-26', 'MULTIFUNCIONAL; LASER', 0, 'PER0000600', NULL, ''),
(46, 'D3003022', 'CISCO', 'FCH15179K5', 'CP7911', 6, '12 MESES', '2016-05-27', 'ESTANDAR', 0, 'PER0000600', 'CONSULTORIO MEDICO', ''),
(47, 'D3003286', 'HP', '5CM1330DBG', 'ALL IN ONE HP COMPAQ PRESARIO ', 5, '12 MESES', '2016-05-27', '', 0, 'PER0000258', 'POSTGRADO01\n', ''),
(48, 'X-BUSSINES', 'HP', 'BRBSG1PVV1', 'LASER JET PRO MFPM127Fn', 7, '12 MESES', '2016-05-31', 'MULTIFUNCIONAL; LASER; RED', 0, 'PER0000258', '1', ''),
(49, 'D3003032', 'CISCO', 'SIN-CODIGO', 'CP7911', 6, '12 MESES', '2016-05-31', 'ESTANDAR', 0, 'PER0000258', 'ESCUELA DE POSTGRADO', ''),
(50, 'D3009867', 'LENOVO', 'V5599002', 'LENOVO THINK VISION E2223S', 2, '12 MESES', '2016-05-31', '21.5 PULGADAS', 0, 'PER0000086', NULL, ''),
(51, 'D3009747', 'LENOVO', 'MJ022WTX', 'LENOVO THINK CENTRE M83', 1, '12 MESES', '2016-05-31', '\r\n8GB RAM; DISCO DURO TB; PROCESADOR CORE i7 4TA GENERACION; 3.60GHz', 0, 'PER0000086', 'postgrad001', ''),
(52, 'D3006226', 'HP', 'CNC303R3N4', 'HP LV2011', 2, '12 MESES', '2016-05-31', '20 PULGADAS', 0, 'PER0000068', NULL, ''),
(53, 'D3000996', 'HP', 'MXL0230FKZ', 'HP COMPAQ 6000 PRO MICROTOWER', 1, '12 MESES', '2016-05-31', 'POR LLENAR', 0, 'PER0000068', 'POSTGRADO02', ''),
(54, 'D3008880', 'CISCO', 'FCH181289A0', 'CP3905', 6, '12 MESES', '2016-05-31', 'ESTANDAR', 0, 'PER0000068', NULL, ''),
(55, 'D3003952', 'HP', 'CNC202S1FL', 'HP S1933', 2, '12 MESES', '2016-05-31', '18.5 PULGADAS', 0, 'PER0000285', NULL, ''),
(56, 'D3001526', 'HP', 'MXX0180LBW', 'COMPAQ PRESARIO CQ556LA', 1, '12 MESES', '2016-05-31', 'FALTA', 0, 'PER0000285', 'POSTGRADO5', ''),
(57, 'D3006014', 'HP', 'BRBSD75MGQ', 'LASER JET P1102w', 7, '12 MESES', '2016-05-31', 'SIMPLE; LASER', 0, 'PER0000285', '1', ''),
(58, 'D3006012', 'EPSON', 'NZCY014841', 'EPSON FX-890', 7, '12 MESES', '2016-05-31', ' MATRICIAL', 0, 'PER0000285', '1', ''),
(59, 'D3011751', 'EPSON', 'MXDF594604', 'EPSON M244A', 7, '12 MESES', '2016-05-31', 'TERMICA', 0, 'PER0000285', NULL, ''),
(60, 'D3008883', 'CISCO', 'FCH18118XD8', 'CP3905', 6, '12 MESES', '2016-05-31', 'SIMPLE', 0, 'PER0000285', NULL, ''),
(61, 'D3002252', 'HP', 'CNC016QHMB', 'COMPAQ S2022A', 2, '12 MESES', '2016-05-31', '20 PULGADAS', 0, 'PER0000147', NULL, ''),
(62, 'D3000991', 'HP', 'MXL1070HRN', 'HP COMPAQ 6000 PRO MICROTOWER', 1, '12 MESES', '2016-05-31', 'FALTAN DATOS', 0, 'PER0000147', 'POSTGRADO03', ''),
(63, '03002759', 'SAMSUNG', 'CM19H9NS707239T', 'SAMSUNG Sync Master 993', 2, '12 MESES', '2016-05-31', '19 PULGADAS', 0, 'PER0000042', NULL, ''),
(64, 'D3003768', 'HP', 'MXL2061BRV', 'HP COMPAQ 6200 PRO MICROTOWER', 1, '12 MESES', '2016-05-31', '2GB RAM;500GB DISCO DURO; PROCESADOR CORE i5 2DA GENERACION; 3.10GHz', 0, 'PER0000042', 'POSTGRADO06', ''),
(65, 'D3006217', 'HP', 'CNC303R209', 'HP LV2011', 2, '12 MESES', '2016-05-31', '20 PULGADAS', 0, 'PER0000143', NULL, ''),
(66, 'D3003763', 'HP', 'MXL2061BSD', 'HP COMPAQ 6200 PRO MICROTOWER', 1, '12 MESES', '2016-05-31', ' 2GB RAM;500GB DISCO DURO; PROCESADOR CORE i5 2DA GENERACION; 3.10GHz', 0, 'PER0000143', 'POSTGRADO04\n', ''),
(67, 'D3009829', 'LENOVO', 'V5600134', 'LENOVO THINK VISION E2223S', 2, '12 MESES', '2016-06-02', '21.5 PULGADAS', 0, 'PER0000109', NULL, ''),
(68, 'D3009728', 'LENOVO', 'MJ022VFA', 'LENOVO THINK CENTRE M83', 1, '12 MESES', '2016-06-02', '16GB RAM; DISCO DURO 1T; PROCESADOR CORE i7 CUARTA GENERACION;', 0, 'PER0000109', 'SUBE-04', ''),
(69, 'D3003034', 'CISCO', 'FCH1524981J', 'CP7911', 6, '12 MESES', '2016-06-02', 'BASICO', 0, 'PER0000109', NULL, ''),
(70, 'D3009831', 'LENOVO', 'V5599028', 'LENOVO THINK VISION E2223S', 2, '12 MESES', '2016-06-02', '21.5 PULGADAS', 0, 'PER0000222', NULL, ''),
(71, 'D3009727', 'LENOVO', 'MJ022WRP', 'LENOVO THINK CENTRE M84', 1, '12 MESES', '2016-06-02', '16GB RAM; DISCO DURO 1T; PROCESADOR CORE i7 CUARTA GENERACION;', 0, 'PER0000222', 'SUBE-02', ''),
(72, 'D3009854', 'LENOVO', 'V5599012', 'LENOVO THINK VISION E2223S', 2, '12 MESES', '2016-06-02', '21.5 PULGADAS', 0, 'PER0000108', NULL, ''),
(73, '03002709', 'HP', 'MXL3071RW7', 'HP COMPAQ 6300 PRO MICROTOWER', 1, '12 MESES', '2016-06-02', 'FALTA', 0, 'PER0000108', 'SUBE-01', ''),
(74, 'D3006013', 'HP', 'BRBSD75MGW', 'LASER JET P1102w', 7, '12 MESES', '2016-06-02', 'SIMPLE; LASER', 0, 'PER0000108', NULL, ''),
(75, 'D3003275', 'HP', '5CM1330DGG', 'ALL IN ONE HP COMPAQ PRESARIO ', 5, '12 MESES', '2016-06-02', 'FALTA', 0, 'PER0000146', 'DIR-SUBE', ''),
(76, 'D3001318', 'CISCO', 'FCH12108F7K', 'CP7906', 6, '12 MESES', '2016-06-02', 'SIMPLE', 0, 'PER0000146', NULL, '');

-- --------------------------------------------------------

--
-- Estructura de tabla para la tabla `red`
--

CREATE TABLE `red` (
  `id` int(5) NOT NULL,
  `ip` varchar(12) NOT NULL,
  `idequipo` int(5) NOT NULL
) ENGINE=InnoDB DEFAULT CHARSET=utf8;

--
-- Volcado de datos para la tabla `red`
--

INSERT INTO `red` (`id`, `ip`, `idequipo`) VALUES
(1, '172.16.9.126', 1),
(2, '172.16.9.127', 2),
(3, '172.16.9.128', 3),
(4, '172.16.9.129', 4),
(5, '172.16.9.130', 5),
(6, '172.16.9.131', 6),
(7, '172.16.9.132', 7),
(8, '172.16.9.133', 8),
(9, '172.16.9.134', 9),
(10, '172.16.9.162', 10),
(11, '172.16.9.163', 11),
(12, '172.16.9.164', 12),
(13, '172.16.9.165', 13),
(14, '172.16.9.170', 14),
(15, '172.16.9.171', 15),
(16, '172.16.9.172', 16),
(17, '172.16.9.219', 17),
(18, '172.16.9.220', 18),
(19, '172.16.9.221', 19),
(20, '172.16.9.222', 20),
(21, '172.16.8.158', 43),
(22, '172.16.8.46', 44),
(23, '172.16.8.160', 47),
(24, '172.16.9.137', 48),
(25, '172.16.8.123', 51),
(26, '172.16.8.32', 53),
(27, '172.16.8.29', 56),
(28, '172.16.8.190', 62),
(29, '172.16.8.30', 64),
(30, '172.16.8.94', 68),
(31, '172.16.8.99', 71),
(32, '172.16.8.109', 73),
(33, '172.16.8.98', 75);

-- --------------------------------------------------------

--
-- Estructura de tabla para la tabla `tbarea`
--

CREATE TABLE `tbarea` (
  `are_Codigo` varchar(10) COLLATE utf8_unicode_ci NOT NULL,
  `are_Nombre` varchar(120) COLLATE utf8_unicode_ci NOT NULL,
  `are_NombreCorto` varchar(14) COLLATE utf8_unicode_ci NOT NULL,
  `are_Abreviatura` char(4) COLLATE utf8_unicode_ci NOT NULL,
  `are_Jefe` varchar(10) COLLATE utf8_unicode_ci NOT NULL,
  `are_Dependencia` varchar(10) COLLATE utf8_unicode_ci NOT NULL
) ENGINE=InnoDB DEFAULT CHARSET=utf8 COLLATE=utf8_unicode_ci;

--
-- Volcado de datos para la tabla `tbarea`
--

INSERT INTO `tbarea` (`are_Codigo`, `are_Nombre`, `are_NombreCorto`, `are_Abreviatura`, `are_Jefe`, `are_Dependencia`) VALUES
('ARE0000001', 'UNIVERSIDAD CESAR VALLEJO FILIAL CHICLAYO', 'UCV CHICLAYO', 'UCV', '', 'ARE0000001'),
('ARE0000002', 'DIRECCIÓN ACADÉMICA', 'V. ACADEMICO', 'VA', 'PER0000167', 'ARE0000002'),
('ARE0000003', 'FACULTAD DE INGENIERÍAS', 'F. INGENIERIAS', 'FI', 'PER0000049', 'ARE0000002'),
('ARE0000004', 'ESCUELA DE INGENIERÍA DE MINAS', 'ESC. MINAS', 'EIM', 'PER0000103', 'ARE0000002'),
('ARE0000005', 'ESCUELA DE INGENIERÍA CIVIL', 'ESC. CIVIL', 'EIC', 'PER0000049', 'ARE0000002'),
('ARE0000006', 'ESCUELA DE INGENIERÍA AMBIENTAL', 'ESC. AMBIENTAL', 'EIA', 'PER0000101', 'ARE0000002'),
('ARE0000007', 'ESCUELA DE INGENIERÍA AGRONÓMICA', 'ESC. AGRONOMA', 'IAG', 'PER0000101', 'ARE0000002'),
('ARE0000008', 'ESCUELA DE INGENIERÍA EMPRESARIAL', 'ESC. EMPRES.', 'EIE', 'PER0000049', 'ARE0000002'),
('ARE0000009', 'FACULTAD DE EDUCACIÓN E IDIOMAS', 'FAC ED-ID', 'FEI', 'PER0000050', 'ARE0000002'),
('ARE0000010', 'ESCUELA DE EDUCACIÓN EN IDIOMAS', 'ESC. IDIOMAS', 'EEI', 'PER0000050', 'ARE0000002'),
('ARE0000011', 'ESCUELA DE IDIOMAS TRADUCCIÓN E INTERPRETACIÓN', 'ESC. TRAD', 'EIT', 'PER0000050', 'ARE0000002'),
('ARE0000012', 'ESCUELA DE EDUCACIÓN PRIMARIA', 'ESC. PRIMARIA', 'EEP', 'PER0000046', 'ARE0000002'),
('ARE0000013', 'ESCUELA DE EDUCACIÓN INICIAL', 'ESC. INICIAL', 'EIN', 'PER0000046', 'ARE0000002'),
('ARE0000014', 'FACULTAD DE CIENCIAS EMPRESARIALES', 'FAC CCEE', 'FCE', 'PER0000098', 'ARE0000002'),
('ARE0000015', 'ESCUELA DE ADMINISTRACIÓN', 'ESC. ADMIN', 'EAD', 'PER0000098', 'ARE0000002'),
('ARE0000016', 'ESCUELA DE ECONOMÍA', 'ESC. ECONOMIA', 'EEC', 'PER0000099', 'ARE0000002'),
('ARE0000017', 'ESCUELA DE CONTABILIDAD', 'ESC. CONTAB.', 'ECT', 'PER0000099', 'ARE0000002'),
('ARE0000018', 'ESCUELA DE NEGOCIOS INTERNACIONALES', 'ESC. NEG. INT.', 'ENI', 'PER0000104', 'ARE0000002'),
('ARE0000019', 'ESCUELA DE MARKETING Y DIRECCIÓN DE EMPRESAS', 'ESC. MARKETING', 'MKT', 'PER0000104', 'ARE0000002'),
('ARE0000020', 'OFICINA DE REGISTROS ACADÉMICOS', 'REG ACADEMICO', 'ORA', 'PER0000206', 'ARE0000020'),
('ARE0000021', 'REGISTROS ACADÉMICOS SUBE', 'REG. SUBE', 'RAS', 'PER0000206', 'ARE0000020'),
('ARE0000022', 'REGISTROS ACADÉMICOS POSTGRADO', 'REG. EPG', 'RAP', 'PER0000206', 'ARE0000020'),
('ARE0000023', 'OFICINA DE DESARROLLO ACADEMICO', 'SEC. ACAD.', 'OSA', 'PER0000092', 'ARE0000002'),
('ARE0000024', 'OFICINA DE GRADOS Y TÍTULOS', 'GRD. TIT.', 'OGT', 'PER0000206', 'ARE0000020'),
('ARE0000025', 'FACULTAD DE DERECHO', 'FAC. DEREC.', 'FD', 'PER0000045', 'ARE0000002'),
('ARE0000026', 'ESCUELA DE DERECHO', 'ESC. DERECHO', 'ED', 'PER0000045', 'ARE0000002'),
('ARE0000027', 'FACULTAD DE HUMANIDADES', 'FAC. HUMAN', 'FH', 'PER0000105', 'ARE0000002'),
('ARE0000028', 'ESCUELA DE PSICOLOGÍA ORGANIZACIONAL', 'ESC. PS. ORG.', 'EPO', 'PER0000105', 'ARE0000002'),
('ARE0000029', 'OFICINA DE INVESTIGACIÓN PREGRADO', 'INVEST. PRE', 'OAI', 'PER0000058', 'ARE0000029'),
('ARE0000030', 'OFICINA DE FORMACIÓN GENERAL', 'FORM. GRAL.', 'OFG', 'PER0000121', 'ARE0000030'),
('ARE0000031', 'CENTRO DE INFORMACIÓN', 'CENT. INFORM.', 'CI', 'PER0000097', 'ARE0000002'),
('ARE0000032', 'OFICINA DE ADMISIÓN', 'ADMISION', 'ADM', 'PER0000140', 'ARE0000002'),
('ARE0000033', 'ADMISIÓN POSTGRADO', 'ADM. EPG', 'ADP', 'PER0000140', 'ARE0000032'),
('ARE0000034', 'ADMISIÓN SUBE', 'ADM. SUBE', 'ADS', 'PER0000140', 'ARE0000032'),
('ARE0000035', 'DIRECCIÓN DE BIENESTAR UNIVERSITARIO', 'DBU', 'DBU', 'PER0000168', 'ARE0000035'),
('ARE0000036', 'OFICINA DE BIENESTAR Y ASUNTOS ESTUDIANTILES', 'BIENESTAR', 'OBI', 'PER0000168', 'ARE0000035'),
('ARE0000037', 'OFICINA DE PROYECCION Y EXTENSION UNIVERSITARIA', 'EXT. PROY.', 'OEP', 'PER0000168', 'ARE0000035'),
('ARE0000038', 'OFICINA DE BOLSA DE TRABAJO', 'BOLSA TRABAJO', 'OSG', 'PER0000168', 'ARE0000035'),
('ARE0000039', 'CONSULTORIO MÉDICO', 'CONS. MEDICO', 'CM', 'PER0000168', 'ARE0000035'),
('ARE0000040', 'CONSULTORIO PSICOLÓGICO', 'CONS. PSC.', 'CPS', 'PER0000168', 'ARE0000035'),
('ARE0000041', 'OFICINA DE TUTORIA Y PASTORAL UNIVERSITARIA', 'TUTORIA', 'OTU', 'PER0000168', 'ARE0000035'),
('ARE0000042', 'ACTIVIDADES INTEGRADORAS', 'ACT. INTEG.', 'AI', 'PER0000168', 'ARE0000035'),
('ARE0000043', 'OFICINA DE TRABAJO SOCIAL', 'TRAB. SOCIAL', 'OTS', 'PER0000168', 'ARE0000035'),
('ARE0000044', 'DIRECCION GENERAL', 'VICE ADMINIST.', 'VRA', 'PER0000096', 'ARE0000044'),
('ARE0000045', 'OFICINA DE FINANZAS DEL ALUMNO', 'FINANZAS PRE', 'OFA', 'PER0000021', 'ARE0000084'),
('ARE0000046', 'OFICINA DE IMAGEN INSTITUCIONAL', 'IMAGEN', 'IMG', 'PER0000082', 'ARE0000046'),
('ARE0000047', 'CENTRO DE IDIOMAS', 'CIDI', 'CID', 'PER0000001', 'ARE0000047'),
('ARE0000048', 'CENTRO DE INFORMÁTICA Y SISTEMAS', 'CIS', 'CIS', 'PER0000002', 'ARE0000048'),
('ARE0000049', 'OFICINA DE CONTABILIDAD', 'CONTABILIDAD', 'OCT', 'PER0000126', 'ARE0000049'),
('ARE0000050', 'OFICINA DE TECNOLOGÍAS DE LA INFORMACIÓN', 'OTI', 'OTI', 'PER0000091', 'ARE0000050'),
('ARE0000051', 'SOPORTE TECNICO', 'SOP. TECNICO', 'SOT', 'PER0000011', 'ARE0000050'),
('ARE0000052', 'OFICINA DE RECURSOS HUMANOS', 'RRHH', 'ORH', 'PER0000084', 'ARE0000052'),
('ARE0000053', 'OFICINA DE LOGÍSTICA', 'LOGISTICA', 'LGT', 'PER0000060', 'ARE0000053'),
('ARE0000054', 'OFICINA DE CONTROL PATRIMONIAL', 'PATRIMONIO', 'OPT', 'PER0000127', 'ARE0000049'),
('ARE0000055', 'OFICINA DE INFRAESTRUCTURA MANTENIMIENTO Y TRANSPORTE', 'INFR. MANT', 'OIMT', 'PER0000128', 'ARE0000055'),
('ARE0000056', 'MESA PARTES CHICLAYO', 'CHICLAYO', 'SBC', 'PER0000094', 'ARE0000056'),
('ARE0000057', 'SEDE SAN IGNACIO', 'SAN IGNACIO', 'SBG', 'PER0000176', 'ARE0000057'),
('ARE0000058', 'OFICINA DE MARKETING Y PROMOCIÓN', 'MARKETING', 'OMP', 'PER0000129', 'ARE0000058'),
('ARE0000059', 'OFICINA DE PLANIFICACION Y DESARROLLO INSTITUCIONAL', 'PLANIFICACION', 'PLA', 'PER0000066', 'ARE0000059'),
('ARE0000060', 'OFICINA DE CALIDAD UNIVERSITARIA', 'CALIDAD', 'OCU', 'PER0000053', 'ARE0000060'),
('ARE0000061', 'CENTRO DE ESTUDIOS ECONOMICOS Y DE MERCADO', 'CEEM', 'CEEM', 'PER0000003', 'ARE0000061'),
('ARE0000062', 'OFICINA DE ESTUDIOS CONTINUOS', 'EST. CONTINUOS', 'OEC', '', 'ARE0000062'),
('ARE0000063', 'DIRECCIÓN DE POSTGRADO', 'EPG', 'EPG', 'PER0000067', 'ARE0000063'),
('ARE0000064', 'OFICINA DE INVESTIGACIÓN POSTGRADO', 'INV. EPG', 'OIP', 'PER0000076', 'ARE0000063'),
('ARE0000065', 'SECRETARIA ACADÉMICA POSTGRADO', 'SEC. ACAD. EPG', 'SAP', 'PER0000070', 'ARE0000063'),
('ARE0000066', 'FINANZAS DEL ALUMNO POSTGRADO', 'FINANZAS EPG', 'FAP', 'PER0000075', 'ARE0000063'),
('ARE0000067', 'PROGRAMA DE FORMACIÓN PARA ADULTOS', 'SUBE', 'PFA', 'PER0000146', 'ARE0000067'),
('ARE0000068', 'FINANZAS DEL ALUMNO SUBE', 'FINANZAS SUBE', 'FAS', 'PER0000146', 'ARE0000067'),
('ARE0000069', 'SECRETARIA ACADÉMICA SUBE', 'SEC. ACAD SUBE', 'SAS', 'PER0000146', 'ARE0000067'),
('ARE0000070', 'BENEFICIOS SUBE', 'SUBE BENEFICIO', 'BES', 'PER0000146', 'ARE0000067'),
('ARE0000071', 'SEDE JAEN', 'JAEN', 'SJ', 'PER0000175', 'ARE0000071'),
('ARE0000072', 'ADMISION JAEN', 'ADMISION JAEN', 'ADJ', '', 'ARE0000072'),
('ARE0000073', 'FINANZAS JAEN', 'FINANZAS JAEN', 'FAJ', '', 'ARE0000073'),
('ARE0000074', 'SEDE CAJAMARCA', 'CAJAMARCA', 'SC', 'PER0000172', 'ARE0000074'),
('ARE0000075', 'ADMISION CAJAMARCA', 'ADM CAJAMARCA', 'ADC', '', 'ARE0000075'),
('ARE0000076', 'FINANZAS CAJAMARCA', 'FIN. CAJAMARCA', 'FAC', '', 'ARE0000076'),
('ARE0000077', 'SEDE CHACHAPOYAS', 'CHACHAPOYAS', 'SCH', 'PER0000173', 'ARE0000077'),
('ARE0000078', 'ADMISION CHACHAPOYAS', 'ADM. CHACHAP.', 'ACH', '', 'ARE0000078'),
('ARE0000079', 'FINANZAS CHACHAPOYAS', 'FIN. CHACHAP.', 'FCH', '', 'ARE0000079'),
('ARE0000080', 'SEDE CHOTA', 'CHOTA', 'SCT', 'PER0000174', 'ARE0000080'),
('ARE0000081', 'ADMISION CHOTA', 'ADMISION CHOTA', 'ACT', '', 'ARE0000081'),
('ARE0000082', 'FINANZAS CHOTA', 'FIN. CHOTA', 'FCT', '', 'ARE0000082'),
('ARE0000083', 'EXTERNO', 'EXT', 'EXT', '', 'ARE0000083'),
('ARE0000084', 'OFICINA DE ADMINISTRACIÓN Y FINANZAS', 'ADM FINANZAS', 'OAF', 'PER0000021', 'ARE0000084'),
('ARE0000085', 'FOTOCOPIADO', 'FOTOCOPIADO', 'OFC', 'PER0000007', 'ARE0000055'),
('ARE0000086', 'UNIDADES MOVILES', 'UNID. MOV.', 'UMOV', 'PER0000017', 'ARE0000055'),
('ARE0000087', 'UCV SATELITAL', 'UCV SAT.', 'SAT', 'PER0000158', 'ARE0000087'),
('ARE0000088', 'MANTENIMIENTO Y JARDINERIA', 'MANT JARD', 'MYJ', 'PER0000033', 'ARE0000055'),
('ARE0000089', 'ESCUELA DE ADMINISTRACIÓN SUBE', 'E. ADM SUBE', 'EADS', 'PER0000146', 'ARE0000067'),
('ARE0000090', 'CENTRO PREUNIVERSITARIO', 'CENTRO PRE.', 'CPRE', 'PER0000167', 'ARE0000002'),
('ARE0000091', 'CASETA DE VIGILANCIA', 'VIGILANCIA', 'VIG', 'PER0000084', 'ARE0000052'),
('ARE0000092', 'ESCUELA DE CONTABILIDAD SUBE', 'E. CONT SUBE', 'ECS', 'PER0000146', 'ARE0000067'),
('ARE0000093', 'ESCUELA DE INGENIERIA CIVIL SUBE', 'E. CIVIL SUBE', 'EICS', 'PER0000146', 'ARE0000067'),
('ARE0000094', 'ESCUELA DE INGENIERIA MECANICA SUBE', 'E. MEC SUBE', 'EIMS', 'PER0000146', 'ARE0000067'),
('ARE0000095', 'SEDE SANTA CRUZ', 'SANTA CRUZ', 'SSC', '', 'ARE0000095'),
('ARE0000096', 'SEDE TACABAMBA', 'TACABAMBA', 'ST', '', 'ARE0000096'),
('ARE0000097', 'SEDE CUTERVO', 'CUTERVO', 'SCU', 'PER0000177', 'ARE0000097'),
('ARE0000098', 'SEDE BAMBAMARCA', 'BAMBAMARCA', 'SBA', 'PER0000178', 'ARE0000098'),
('ARE0000099', 'SEDE UTCUBAMBA', 'UTCUBAMBA', 'SUT', 'PER0000179', 'ARE0000099'),
('ARE0000100', 'SEDE BAGUA', 'BAGUA', 'SBA', 'PER0000181', 'ARE0000100'),
('ARE0000101', 'SEDE ROD. MENDOZA', 'ROD. MENDOZA', 'SRM', 'PER0000182', 'ARE0000101'),
('ARE0000102', 'SEDE CAJABAMBA', 'CAJABAMBA', 'SCA', '', 'ARE0000102'),
('ARE0000103', 'SEDE CONTUMAZA', 'CONTUMAZA', 'SCON', '', 'ARE0000103'),
('ARE0000104', 'SEDE CELENDIN', 'CELENDIN', 'SCEL', 'PER0000183', 'ARE0000104'),
('ARE0000105', 'SEDE TEMBLADERA', 'TEMBLADERA', 'STE', '', 'ARE0000105'),
('ARE0000106', 'SEDE FERREÑAFE', 'FERREÑAFE', 'SFE', '', 'ARE0000106'),
('ARE0000107', 'SEDE MOTUPE', 'MOTUPE', 'SMO', '', 'ARE0000107'),
('ARE0000108', 'SEDE OLMOS', 'OLMOS', 'SOL', '', 'ARE0000108');

-- --------------------------------------------------------

--
-- Estructura de tabla para la tabla `tbpersona`
--

CREATE TABLE `tbpersona` (
  `per_Codigo` varchar(10) COLLATE utf8_unicode_ci NOT NULL,
  `per_TipoEmpresa` varchar(20) COLLATE utf8_unicode_ci NOT NULL,
  `per_RazonSocial` varchar(50) COLLATE utf8_unicode_ci DEFAULT NULL,
  `per_prs_Codigo` varchar(5) COLLATE utf8_unicode_ci DEFAULT NULL,
  `per_RUC` int(11) DEFAULT NULL,
  `per_ppr_Codigo` varchar(6) COLLATE utf8_unicode_ci DEFAULT NULL,
  `per_Nombres` varchar(30) COLLATE utf8_unicode_ci NOT NULL,
  `per_Apellidos` varchar(30) COLLATE utf8_unicode_ci NOT NULL,
  `per_Sexo` char(1) COLLATE utf8_unicode_ci NOT NULL,
  `per_DNI` varchar(8) COLLATE utf8_unicode_ci NOT NULL,
  `per_DNICaducidad` date DEFAULT NULL,
  `per_Nacimiento` date DEFAULT NULL,
  `per_pca_Codigo` varchar(10) COLLATE utf8_unicode_ci NOT NULL,
  `per_Email` varchar(50) COLLATE utf8_unicode_ci DEFAULT NULL,
  `per_Telefono` int(9) DEFAULT NULL,
  `per_pti_Codigo` varchar(10) COLLATE utf8_unicode_ci NOT NULL,
  `per_pdi_Codigo` varchar(10) COLLATE utf8_unicode_ci DEFAULT NULL
) ENGINE=InnoDB DEFAULT CHARSET=utf8 COLLATE=utf8_unicode_ci;

--
-- Volcado de datos para la tabla `tbpersona`
--

INSERT INTO `tbpersona` (`per_Codigo`, `per_TipoEmpresa`, `per_RazonSocial`, `per_prs_Codigo`, `per_RUC`, `per_ppr_Codigo`, `per_Nombres`, `per_Apellidos`, `per_Sexo`, `per_DNI`, `per_DNICaducidad`, `per_Nacimiento`, `per_pca_Codigo`, `per_Email`, `per_Telefono`, `per_pti_Codigo`, `per_pdi_Codigo`) VALUES
('PER0000001', 'PERSONA NATURAL', NULL, NULL, 0, 'PPR006', 'BLANCA ELISA', 'RAMIREZ MEDINA', 'F', '40611530', '2018-02-20', '0000-00-00', 'PCA010', 'bramirez@ucv.edu.pe', 948035154, 'PTI001', 'PDI0000111'),
('PER0000002', 'PERSONA NATURAL', NULL, NULL, 0, 'PPR006', 'JOSE ELIAS', 'PORTILLA SAMPEN', 'M', '16659248', '2018-02-20', '1968-06-10', 'PCA010', 'jportilla@ucv.edu.pe', 999150214, 'PTI001', 'PDI0000106'),
('PER0000003', 'PERSONA NATURAL', NULL, NULL, 0, 'PPR006', 'OFELIA LUCELIA', 'GUERRERO SALAZAR', 'F', '42357354', '2018-02-20', '1984-03-17', 'PCA010', 'oguerrero@ucv.edu.pe', 948035164, 'PTI001', 'PDI0000065'),
('PER0000004', 'PERSONA NATURAL', NULL, NULL, 0, 'PPR006', 'TSITSELA ANGELICA', 'ROJAS SANDOVAL', 'F', '45863914', '2018-02-20', '1989-08-07', 'PCA002', 'trojas@ucv.edu.pe', 962990660, 'PTI001', 'PDI0000119'),
('PER0000005', 'PERSONA NATURAL', NULL, NULL, 0, 'PPR009', 'JOHANNA NATALY', 'ARROYO ALFARO', 'F', '43004140', '2018-02-20', '1985-04-13', 'PCA001', 'jarroyo@ucv.edu.pe', 979427270, 'PTI001', 'PDI0000012'),
('PER0000006', 'PERSONA NATURAL', NULL, NULL, 0, 'PPR006', 'JULIANA DEL PILAR', 'ARIAS BECERRA', 'F', '41271414', '2018-02-20', '1982-01-13', '', 'jarias@ucv.edu.pe', 979514329, 'PTI001', 'PDI0000008'),
('PER0000007', 'PERSONA NATURAL', NULL, NULL, 0, 'PPR001', 'ADA MARIA', 'ARRASCUE RIVERA', 'F', '16658883', '2018-02-20', '1968-06-30', 'PCA003', 'aarrascue@ucv.edu.pe', 945548760, 'PTI001', 'PDI0000010'),
('PER0000008', 'PERSONA NATURAL', NULL, NULL, 0, 'PPR006', 'SANDRA MILAGROS', 'NANFUÑAY TAVARA', 'F', '42084383', '2018-02-20', '1982-10-02', 'PCA005', 'SNANFUNAY@ucv.edu.pe', 979412367, 'PTI001', 'PDI0000093'),
('PER0000009', 'PERSONA NATURAL', NULL, NULL, 0, 'PPR003', 'MARITZA IVONNE', 'RIMAICUNA LOPEZ', 'F', '43154496', '2018-02-20', '0000-00-00', 'PCA005', 'mrimaicuna@ucv.edu.pe', 999151187, 'PTI001', 'PDI0000112'),
('PER0000010', 'PERSONA NATURAL', NULL, NULL, 0, 'PPR006', 'JUAN MIGUEL', 'CRUZ SANCHEZ', 'M', '40500024', '2018-02-20', '0000-00-00', '', 'jcruzs@ucv.edu.pe', 979028038, 'PTI001', 'PDI0000038'),
('PER0000011', 'PERSONA NATURAL', NULL, NULL, 0, 'PPR006', 'JESUS MANUEL', 'RACCHUMI LECCA', 'M', '41716347', '2018-02-20', '0000-00-00', 'PCA005', 'jracchumi@ucv.edu.pe', 948035171, 'PTI001', 'PDI0000110'),
('PER0000012', 'PERSONA NATURAL', NULL, NULL, 0, 'PPR006', 'MANUEL ANDRES', 'BALLADARES MANRIQUE', 'M', '16704822', '2018-02-20', '0000-00-00', 'PCA004', '', 0, 'PTI001', 'PDI0000015'),
('PER0000013', 'PERSONA NATURAL', NULL, NULL, 0, 'PPR006', 'FERNANDO', 'HOYOS TAVARA', 'M', '41356300', '2018-02-20', '1982-02-23', 'PCA004', 'FER.HOYOSTAVARA@GMAIL.COM', 0, 'PTI001', 'PDI0000069'),
('PER0000014', 'PERSONA NATURAL', NULL, NULL, 0, 'PPR006', 'JORGE WALTER', 'JIMENEZ SENMACHE', 'M', '16486435', '2018-02-20', '1975-08-10', 'PCA004', 'JJIMENEZS@UCV.EDU.PE', 987873201, 'PTI001', 'PDI0000073'),
('PER0000015', 'PERSONA NATURAL', NULL, NULL, 0, 'PPR006', 'CRISTIAN ALBERTO', 'PERALTA VASQUEZ', 'M', '43009354', '2018-02-20', '1985-05-09', 'PCA004', 'cperalta@ucv.edu.pe', 948154888, 'PTI001', 'PDI0000102'),
('PER0000016', 'PERSONA NATURAL', NULL, NULL, 0, 'PPR006', 'ROBERTO', 'RIVERA SEGURA', 'M', '16667565', '2018-02-20', '0000-00-00', 'PCA004', 'mrivera@ucv.edu.pe', 949422412, 'PTI001', 'PDI0000116'),
('PER0000017', 'PERSONA NATURAL', NULL, NULL, 0, 'PPR012', 'ELOY', 'SANCHEZ COSSIO', 'M', '16589747', '2018-02-20', '1956-12-01', 'PCA004', 'esanchez@ucv.edu.pe', 0, 'PTI001', 'PDI0000130'),
('PER0000018', 'PERSONA NATURAL', NULL, NULL, 0, 'PPR006', 'DENIS MARINO', 'SOTO ORBEGOZO', 'M', '41735041', '2018-02-20', '1983-02-14', 'PCA004', 'dsoto@ucv.edu.pe', 949645545, 'PTI001', 'PDI0000141'),
('PER0000019', 'PERSONA NATURAL', NULL, NULL, 0, 'PPR006', 'RUDY MARCOS ALBERTO', 'TAVARA DIAZ', 'M', '44515358', '2018-02-20', '1987-06-25', 'PCA004', 'rtavara@ucv.edu.pe', 978522234, 'PTI001', 'PDI0000143'),
('PER0000020', 'PERSONA NATURAL', NULL, NULL, 0, 'PPR007', 'KAREN STEFANY', 'CORONEL RENTERIA', 'F', '47592635', '2018-02-20', '1993-01-25', 'PCA002', 'KCORONEL@UCV.EDU.PE', 978256860, 'PTI001', 'PDI0000037'),
('PER0000021', 'PERSONA NATURAL', NULL, NULL, 0, 'PPR010', 'MARLENE ELIZABETH', 'PAREDES ARANA', 'F', '19242936', '2018-02-20', '1972-11-12', 'PCA001', 'MPAREDESA@ucv.edu.pe', 998866610, 'PTI001', 'PDI0000100'),
('PER0000022', 'PERSONA NATURAL', NULL, NULL, 0, 'PPR007', 'WILLIAM JESUS', 'GUEVARA SERNAQUE', 'M', '46616783', '2018-02-20', '1990-09-23', 'PCA001', 'WGUEVARA@UCV.EDU.PE', 0, 'PTI001', 'PDI0000068'),
('PER0000023', 'PERSONA NATURAL', NULL, NULL, 0, 'PPR006', 'WALTHER JAVIER', 'MARTINEZ SECLEN', 'M', '41352869', '2018-02-20', '1982-04-01', 'PCA002', 'wmartinez@ucv.edu.pe', 950024068, 'PTI001', 'PDI0000082'),
('PER0000024', 'PERSONA NATURAL', NULL, NULL, 0, 'PPR006', 'JOSE ARTURO', 'PEREZ VILLANUEVA', 'M', '47358650', '2018-02-20', '0000-00-00', 'PCA002', 'JPEREZV@UCV.EDU.PE', 962237007, 'PTI001', 'PDI0000103'),
('PER0000025', 'PERSONA NATURAL', NULL, NULL, 0, 'PPR001', 'SANTOS ISABEL', 'BERECHE HUERTAS', 'F', '17542636', '2018-02-20', '0000-00-00', 'PCA003', '', 0, 'PTI001', 'PDI0000018'),
('PER0000026', 'PERSONA NATURAL', NULL, NULL, 0, 'PPR001', 'NELLY ROXANA', 'BERNA CHIRINOS', 'F', '71807272', '2018-02-20', '0000-00-00', 'PCA003', '', 978433272, 'PTI001', 'PDI0000019'),
('PER0000027', 'PERSONA NATURAL', NULL, NULL, 0, 'PPR001', 'JUANITA JACKELINE', 'FLORES GALAN', 'F', '45559893', '2018-02-20', '1990-09-25', 'PCA003', '0', 0, 'PTI001', 'PDI0000050'),
('PER0000028', 'PERSONA NATURAL', NULL, NULL, 0, 'PPR001', 'PATRICIA KARINA', 'GARCIA BECERRA', 'F', '16620865', '2018-02-20', '1974-09-11', 'PCA003', 'pgarcia@ucv.edu.pe', 981971598, 'PTI001', 'PDI0000053'),
('PER0000029', 'PERSONA NATURAL', NULL, NULL, 0, 'PPR001', 'VIRGINIA DEL CARMEN', 'GARCIA REYES', 'F', '2836815', '2018-02-20', '0000-00-00', 'PCA003', 'vgarciar@ucv.edu.pe', 947527416, 'PTI001', 'PDI0000055'),
('PER0000030', 'PERSONA NATURAL', NULL, NULL, 0, 'PPR001', 'DIANA CAROLINA', 'UBILLÚS SANTAMARÍA', 'F', '42032667', '2018-02-20', '0000-00-00', 'PCA003', '', 0, 'PTI001', 'PDI0000150'),
('PER0000031', 'PERSONA NATURAL', NULL, NULL, 0, 'PPR001', 'NILA', 'USHIÑAHUA VARGAS', 'F', '17595874', '2018-02-20', '0000-00-00', 'PCA003', '', 0, 'PTI001', 'PDI0000151'),
('PER0000032', 'PERSONA NATURAL', NULL, NULL, 0, 'PPR006', 'CESAR MANUEL', 'ANTON RONDOY', 'M', '10296735', '2018-02-20', '0000-00-00', 'PCA003', '', 968279547, 'PTI001', 'PDI0000005'),
('PER0000033', 'PERSONA NATURAL', NULL, NULL, 0, 'PPR006', 'JESUS', 'BARRIOS YAJAHUANCA', 'M', '16790151', '2018-02-20', '0000-00-00', 'PCA005', 'jbarrios@ucv.edu.pe', 978983371, 'PTI001', 'PDI0000017'),
('PER0000034', 'PERSONA NATURAL', NULL, NULL, 0, 'PPR006', 'RAUL ALEJANDRO', 'DAVILA RIMARACHIN', 'M', '42717566', '2018-02-20', '0000-00-00', 'PCA003', '', 0, 'PTI001', 'PDI0000039'),
('PER0000035', 'PERSONA NATURAL', NULL, NULL, 0, 'PPR006', 'JOSE EUSEBIO', 'EFFIO GONZALES', 'M', '16734265', '2018-02-20', '0000-00-00', 'PCA003', 'jeffio@ucv.edu.pe', 953664401, 'PTI001', 'PDI0000045'),
('PER0000036', 'PERSONA NATURAL', NULL, NULL, 0, 'PPR006', 'AGUSTIN', 'FLORES EFFIO', 'M', '45129181', '2018-02-20', '0000-00-00', 'PCA003', '', 948158329, 'PTI001', 'PDI0000049'),
('PER0000037', 'PERSONA NATURAL', NULL, NULL, 0, 'PPR006', 'TEODORO MORI', 'FLORES SANTA CRUZ', 'M', '16474008', '2018-02-20', '0000-00-00', 'PCA003', 'tfloress@ucv.edu.pe', 978993339, 'PTI001', 'PDI0000051'),
('PER0000038', 'PERSONA NATURAL', NULL, NULL, 0, 'PPR006', 'JOSE EDWIN', 'GARCIA MORALES', 'M', '44256731', '2018-02-20', '1987-03-25', 'PCA003', 'jgarciam@ucv.edu.pe', 955962294, 'PTI001', 'PDI0000054'),
('PER0000039', 'PERSONA NATURAL', NULL, NULL, 0, 'PPR006', 'ENRIQUE', 'GARCIA ZAMBRANO', 'M', '41454469', '2018-02-20', '0000-00-00', 'PCA003', '', 0, 'PTI001', 'PDI0000056'),
('PER0000040', 'PERSONA NATURAL', NULL, NULL, 0, 'PPR012', 'OSWALDO ISMAEL', 'MURO DELGADO', 'M', '17433251', '2018-02-20', '1971-08-25', 'PCA003', 'omuro@ucv.edu.pe', 969813268, 'PTI001', 'PDI0000092'),
('PER0000041', 'PERSONA NATURAL', NULL, NULL, 0, 'PPR012', 'JORGE ROBERTO', 'ORTIZ SANDOVAL', 'M', '16589973', '2018-02-20', '1963-12-29', 'PCA003', 'jortiz@ucv.edu.pe', 978893150, 'PTI001', 'PDI0000095'),
('PER0000042', 'PERSONA NATURAL', NULL, NULL, 0, 'PPR006', 'HENRY MARCOS ANTONIO', 'SILVA ENRIQUEZ', 'M', '42032667', '2018-02-20', '0000-00-00', 'PCA003', '', 0, 'PTI001', 'PDI0000138'),
('PER0000043', 'PERSONA NATURAL', NULL, NULL, 0, 'PPR006', 'JUAN LUIS', 'VILLEGAS SANTOS', 'M', '40361061', '2018-02-20', '0000-00-00', 'PCA003', '', 978415578, 'PTI001', 'PDI0000167'),
('PER0000044', 'PERSONA NATURAL', NULL, NULL, 0, 'PPR006', 'KAROL MELISSA', 'ARBAIZA GODOS', 'F', '46964993', '2018-02-20', '1990-06-28', 'PCA002', 'karbaiza@ucv.edu.pe', 959440384, 'PTI001', 'PDI0000007'),
('PER0000045', 'PERSONA NATURAL', NULL, NULL, 0, 'PPR004', 'EVER', 'ROJAS CARRASCO', 'M', '40021516', '2018-02-20', '1978-10-20', 'PCA006', 'erojasc@ucv.edu.pe', 941914825, 'PTI001', 'PDI0000117'),
('PER0000046', 'PERSONA NATURAL', NULL, NULL, 0, 'PPR003', 'LOURDES GISELLA', 'PALACIOS LADINES', 'F', '02884556', '2018-02-20', '1976-11-26', 'PCA006', 'lpalacios@ucv.edu.pe', 968797469, 'PTI001', 'PDI0000098'),
('PER0000047', 'PERSONA NATURAL', NULL, NULL, 0, 'PPR006', 'MARITA LISSET', 'RUIZ FERNANDEZ', 'F', '46108532', '2018-02-20', '1990-01-07', 'PCA002', 'mruizf@ucv.edu.pe', 970903791, 'PTI001', 'PDI0000124'),
('PER0000048', 'PERSONA NATURAL', NULL, NULL, 0, 'PPR006', 'KEY ZUYET', 'SEMINARIO SERQUEN', 'F', '45080868', '2018-02-20', '1988-03-21', 'PCA002', 'kseminarios@ucv.edu.pe', 948036836, 'PTI001', 'PDI0000137'),
('PER0000049', 'PERSONA NATURAL', NULL, NULL, 0, 'PPR001', 'SEGUNDO AUGUSTO', 'PAICO GASCO', 'M', '16532211', '2018-02-20', '1966-05-08', 'PCA006', 'spaico@ucv.edu.pe', 951754220, 'PTI001', 'PDI0000097'),
('PER0000050', 'PERSONA NATURAL', NULL, NULL, 0, 'PPR006', 'MARÍA MAGDALENA', 'USQUIANO PISCOYA', 'F', '16776668', '2018-02-20', '1976-12-05', 'PCA006', 'MUSQUIANO@UCV.EDU.PE', 972625993, 'PTI001', 'PDI0000152'),
('PER0000051', 'PERSONA NATURAL', NULL, NULL, 0, 'PPR001', 'FIORELA YAMALY', 'CORNEJO PORTAL', 'F', '46444678', '2018-02-20', '1990-07-12', 'PCA002', 'FIORE_655@HOTMAIL.COM', 0, 'PTI001', 'PDI0000036'),
('PER0000052', 'PERSONA NATURAL', NULL, NULL, 0, 'PPR009', 'ROSA MARÍA DEL CARMEN', 'GUERRA FERNÁNDEZ', 'F', '16689908', '2018-02-20', '1970-07-25', 'PCA010', 'rguerra@ucv.edu.pe', 979549344, 'PTI001', 'PDI0000064'),
('PER0000053', 'PERSONA NATURAL', NULL, NULL, 0, 'PPR001', 'JESUS JOSEPH', 'DELGADO BURGOS', 'M', '41875381', '2018-02-20', '1982-12-23', 'PCA010', 'jjdelgadob@ucv.edu.pe', 949538166, 'PTI001', 'PDI0000040'),
('PER0000054', 'PERSONA NATURAL', NULL, NULL, 0, 'PPR006', 'ANA MARIA DEL SOCORRO', 'CASTRO LLONTOP', 'F', '16423242', '2018-02-20', '1963-01-02', 'PCA010', 'acastro@ucv.edu.pe', 975816657, 'PTI001', 'PDI0000029'),
('PER0000055', 'PERSONA NATURAL', NULL, NULL, 0, 'PPR006', 'LORELLA PRISCILA', 'OTINIANO CASTILLO', 'F', '45997699', '2018-02-20', '0000-00-00', 'PCA010', 'lotiniano@ucv.edu.pe', 948035174, 'PTI001', 'PDI0000096'),
('PER0000056', 'PERSONA NATURAL', NULL, NULL, 0, 'PPR006', 'ALEXIS', 'ALEJO QUIROZ', 'M', '44330043', '2018-02-20', '1987-05-13', 'PCA005', 'aquiroz@ucv.edu.pe', 967982953, 'PTI001', 'PDI0000004'),
('PER0000057', 'PERSONA NATURAL', NULL, NULL, 0, 'PPR006', 'CARMEN ELIZABETH', 'BRAMBILLA DE BARRUETO', 'F', '16480677', '2018-02-20', '1952-06-29', 'PCA002', 'cbrambilla@ucv.edu.pe', 979472143, 'PTI001', 'PDI0000021'),
('PER0000058', 'PERSONA NATURAL', NULL, NULL, 0, 'PPR003', 'HERRY', 'LLOCLLA GONZALES', 'M', '16765432', '2018-02-20', '1974-08-06', 'PCA010', 'hlloclla@ucv.edu.pe', 979536946, 'PTI001', 'PDI0000077'),
('PER0000059', 'PERSONA NATURAL', NULL, NULL, 0, 'PPR007', 'KATERINE LISSET', 'GIL TORRES', 'F', '47569036', '2018-02-20', '1991-12-05', 'PCA002', 'kgilt@ucv.edu.pe', 957654440, 'PTI001', 'PDI0000058'),
('PER0000060', 'PERSONA NATURAL', NULL, NULL, 0, 'PPR001', 'JOSÉ MANUEL', 'ARMAS ZAVALETA', 'M', '44774002', '2018-02-20', '1987-12-18', 'PCA010', 'jarmasz@ucv.edu.pe', 979187324, 'PTI001', 'PDI0000009'),
('PER0000061', 'PERSONA NATURAL', NULL, NULL, 0, 'PPR012', 'JUAN CARLOS', 'RINZA DELGADO', 'M', '17452018', '2018-02-20', '1977-08-30', 'PCA003', 'jrinza@ucv.edu.pe', 948035178, 'PTI001', 'PDI0000113'),
('PER0000062', 'PERSONA NATURAL', NULL, NULL, 0, 'PPR011', 'CARLA ANGGELINA', 'CASAS CUSTODIO', 'F', '46573993', '2018-02-20', '0000-00-00', 'PCA003', 'anggy13_1@hotmail.com', 0, 'PTI001', 'PDI0000027'),
('PER0000063', 'PERSONA NATURAL', NULL, NULL, 0, 'PPR006', 'MARIA ESPERANZA', 'RONDOY GONZA', 'F', '44293116', '2018-02-20', '1987-05-23', 'PCA003', 'MRONDOY@UCV.EDU.PE', 950408176, 'PTI001', 'PDI0000121'),
('PER0000064', 'PERSONA NATURAL', NULL, NULL, 0, 'PPR006', 'MANUEL ARTURO', 'PUICON GIL', 'M', '72523172', '2018-02-20', '1992-06-25', 'PCA002', 'mpuicon@ucv.edu.pe', 967986474, 'PTI001', 'PDI0000107'),
('PER0000065', 'PERSONA NATURAL', NULL, NULL, 0, 'PPR006', 'JAVIER AVERLIT', 'SANCHEZ PURIHUAMAN', 'M', '73323290', '2018-02-20', '1993-01-26', '', 'JSANCHEZPU@UCV.EDU.PE', 978948647, 'PTI001', 'PDI0000132'),
('PER0000066', 'PERSONA NATURAL', NULL, NULL, 0, 'PPR008', 'EDUARDO YGNACIO', 'ARRAYA CELIS', 'M', '40769232', '2018-02-20', '1980-09-05', 'PCA010', 'earraya@ucv.edu.pe', 979169780, 'PTI001', 'PDI0000011'),
('PER0000067', 'PERSONA NATURAL', NULL, NULL, 0, 'PPR005', 'MERCEDES ALEJANDRINA', 'COLLAZOS ALARCON', 'F', '16480577', '2018-02-20', '0000-00-00', 'PCA006', 'mcollazos@ucv.edu.pe', 978845008, 'PTI001', 'PDI0000033'),
('PER0000068', 'PERSONA NATURAL', NULL, NULL, 0, 'PPR006', 'JESSICA', 'ESCUDERO TENAZOA', 'F', '42982123', '2018-02-20', '1981-02-27', 'PCA005', 'JESCUDERO@UCV.EDU.PE', 977471534, 'PTI001', 'PDI0000046'),
('PER0000069', 'PERSONA NATURAL', NULL, NULL, 0, 'PPR006', 'BLANCA GRACIELA', 'HUANCAS SALINAS', 'F', '32918403', '2018-02-20', '1964-06-03', 'PCA001', 'bhuancas@ucv.edu.pe', 968367151, 'PTI001', 'PDI0000070'),
('PER0000070', 'PERSONA NATURAL', NULL, NULL, 0, 'PPR010', 'GERALDINE ESTEFANIA', 'ISHIKANE CHAVIN', 'F', '44436283', '2018-02-20', '1987-07-05', '', 'gishikane@ucv.edu.pe', 961970953, 'PTI001', 'PDI0000072'),
('PER0000071', 'PERSONA NATURAL', NULL, NULL, 0, 'PPR001', 'SUSANA IRIS DORSETH', 'MANAY GAVIDIA', 'F', '46791786', '2018-02-20', '0000-00-00', 'PCA002', 'smanay@ucv.edu.pe', 943784960, 'PTI001', 'PDI0000079'),
('PER0000072', 'PERSONA NATURAL', NULL, NULL, 0, 'PPR001', 'TANIA YASELY', 'MENDOZA BANDA', 'F', '41154520', '2018-02-20', '0000-00-00', 'PCA002', 'tmendoza@ucv.edu.pe', 942136129, 'PTI001', 'PDI0000084'),
('PER0000073', 'PERSONA NATURAL', NULL, NULL, 0, 'PPR007', 'ROMINA DEL CARMEN', 'PISCOYA TEMOCHE', 'F', '48214601', '2018-02-20', '1992-07-14', 'PCA002', 'rpiscoya@uvc.edu.pe', 951653848, 'PTI001', 'PDI0000104'),
('PER0000074', 'PERSONA NATURAL', NULL, NULL, 0, 'PPR001', 'CARMEN ELVIRA', 'ROSAS PRADO', 'F', '17821428', '2018-02-20', '0000-00-00', 'PCA005', 'crosas@ucv.edu.pe', 947004159, 'PTI001', 'PDI0000122'),
('PER0000075', 'PERSONA NATURAL', NULL, NULL, 0, 'PPR006', 'JUAN MANUEL BERNARDO', 'CARRANZA PECSEN', 'M', '16718639', '2018-02-20', '0000-00-00', 'PCA005', 'jcarranza@ucv.edu.pe', 948034746, 'PTI001', 'PDI0000025'),
('PER0000076', 'PERSONA NATURAL', NULL, NULL, 0, 'PPR005', 'VICTOR AUGUSTO', 'GONZALES SOTO', 'M', '16421073', '2018-02-20', '1963-12-23', 'PCA010', 'vgonzales@ucv.edu.pe', 973985015, 'PTI001', 'PDI0000062'),
('PER0000077', 'PERSONA NATURAL', NULL, NULL, 0, 'PPR006', 'JUAN MANUEL', 'MUNDACA SANCHEZ', 'M', '43217928', '2018-02-20', '0000-00-00', 'PCA001', 'jmundaca@ucv.edu.pe', 976691344, 'PTI001', 'PDI0000091'),
('PER0000078', 'PERSONA NATURAL', NULL, NULL, 0, 'PPR006', 'MIGUEL ANGEL', 'QUINTANA DIAZ', 'M', '16776182', '2018-02-20', '0000-00-00', '', 'mquintanad@ucv.edu.pe', 979187167, 'PTI001', 'PDI0000109'),
('PER0000079', 'PERSONA NATURAL', NULL, NULL, 0, 'PPR010', 'MAX ALEJANDRO', 'TEPE SANCHEZ', 'M', '44919606', '2018-02-20', '1988-01-11', 'PCA005', 'mtepe@ucv.edu.pe', 942638015, 'PTI001', 'PDI0000145'),
('PER0000080', 'PERSONA NATURAL', NULL, NULL, 0, 'PPR012', 'LIZ KATHERINE', 'ALBURUQUEQUE CABRERA', 'F', '71309131', '2018-02-20', '1991-03-04', 'PCA002', 'CALBURUQUEQUE@UCV.EDU.PE', 978865645, 'PTI001', 'PDI0000003'),
('PER0000081', 'PERSONA NATURAL', NULL, NULL, 0, 'PPR006', 'JANET ISABEL', 'DOMINGUEZ IMAN', 'F', '43953002', '2018-02-20', '1986-07-18', 'PCA002', 'jdominguezi@ucv.edu.pe', 996338745, 'PTI001', 'PDI0000044'),
('PER0000082', 'PERSONA NATURAL', NULL, NULL, 0, 'PPR006', 'KATHIA FIORELLA', 'GONZALES ZARPAN', 'F', '44631826', '2018-02-20', '1987-10-09', 'PCA010', 'kgonzales@ucv.edu.pe', 990892301, 'PTI001', 'PDI0000063'),
('PER0000083', 'PERSONA NATURAL', NULL, NULL, 0, 'PPR012', 'JHANA', 'GUEVARA DAVILA', 'F', '46575972', '2018-02-20', '1990-04-28', 'PCA002', 'jguevarad', 0, 'PTI001', 'PDI0000066'),
('PER0000084', 'PERSONA NATURAL', NULL, NULL, 0, 'PPR006', 'BORIS RICARDO', 'CORDOVA CANOVA', 'M', '41686083', '2018-02-20', '0000-00-00', 'PCA010', 'bcordova@ucv.edu.pe', 969976023, 'PTI001', 'PDI0000035'),
('PER0000085', 'PERSONA NATURAL', NULL, NULL, 0, 'PPR007', 'JOSE SANTOS', 'VALENCIA ESTEVES', 'M', '42696333', '2018-02-20', '1984-03-12', 'PCA002', 'jvalencia@ucv.edu.pe', 978427523, 'PTI001', 'PDI0000155'),
('PER0000086', 'PERSONA NATURAL', NULL, NULL, 0, 'PPR001', 'GELEN NONOY', 'ALBERCA GUERRERO', 'F', '41198288', '2018-02-20', '0000-00-00', 'PCA010', 'galberca@ucv.edu.pe', 996904166, 'PTI001', 'PDI0000002'),
('PER0000087', 'PERSONA NATURAL', NULL, NULL, 0, 'PPR006', 'OLGA GLADYS', 'CHANAME QUEVEDO', 'F', '42820828', '2018-02-20', '0000-00-00', 'PCA002', 'ochaname@ucv.edu.pe', 978827991, 'PTI001', 'PDI0000030'),
('PER0000088', 'PERSONA NATURAL', NULL, NULL, 0, 'PPR001', 'LUCY MABEL', 'DIAZ TANTARICO', 'F', '42452573', '2018-02-20', '0000-00-00', 'PCA002', '', 0, 'PTI001', 'PDI0000043'),
('PER0000089', 'PERSONA NATURAL', NULL, NULL, 0, 'PPR001', 'MARITA SARAYENI', 'ROJAS MUÑOZ', 'F', '17632976', '2018-02-20', '0000-00-00', 'PCA002', 'mrojasm@ucv.edu.pe', 967990590, 'PTI001', 'PDI0000118'),
('PER0000090', 'PERSONA NATURAL', NULL, NULL, 0, 'PPR006', 'DALILA DEL PILAR', 'SILVA PEREZ', 'F', '16708553', '2018-02-20', '0000-00-00', 'PCA002', 'dsilvap@ucv.edu.pe', 978025180, 'PTI001', 'PDI0000140'),
('PER0000091', 'PERSONA NATURAL', NULL, NULL, 0, 'PPR001', 'ALAN EDWARD', 'SAAVEDRA ARROYO', 'M', '40415462', '2018-02-20', '1979-04-09', 'PCA010', 'asaavedra@ucv.edu.pe', 995311549, 'PTI001', 'PDI0000125'),
('PER0000092', 'PERSONA NATURAL', NULL, NULL, 0, 'PPR003', 'MAGDALENA MONICA', 'BACA DE ORTIZ', 'F', '16660773', '2018-02-20', '1970-01-31', 'PCA010', 'MBACA@UCV.EDU.PE', 942010645, 'PTI001', 'PDI0000013'),
('PER0000093', 'PERSONA NATURAL', NULL, NULL, 0, 'PPR006', 'MARIA PILAR', 'TIRABANTI QUIROZ', 'F', '16660773', '2018-02-20', '0000-00-00', 'PCA005', 'mbaca@ucv.edu.pe', 942010645, 'PTI001', 'PDI0000081'),
('PER0000094', 'PERSONA NATURAL', NULL, NULL, 0, 'PPR001', 'CINTHIA YLIANA', 'RUIZ ABAD', 'F', '42214009', '2018-02-20', '0000-00-00', 'PCA002', 'cruiza@ucv.edu.pe', 978868001, 'PTI001', 'PDI0000123'),
('PER0000095', 'PERSONA NATURAL', NULL, NULL, 0, 'PPR006', 'NORMA ROXANA', 'VARGAS RUIZ', 'F', '16794660', '2018-02-20', '1977-05-30', 'PCA010', 'nvargas@ucv.edu.pe', 953914832, 'PTI001', 'PDI0000158'),
('PER0000096', 'PERSONA NATURAL', NULL, NULL, 0, 'PPR006', 'RAUL', 'VALENCIA MEDINA', 'M', '23805664', '2018-02-20', '1957-02-18', 'PCA018', 'rvalencia@ucv.edu.pe', 948896681, 'PTI001', 'PDI0000156'),
('PER0000097', 'PERSONA NATURAL', NULL, NULL, 0, 'PPR006', 'LUZ JHANINA', 'FLORES TIGLLA', 'F', '41754755', '2018-02-20', '1983-06-28', 'PCA005', 'lflores@ucv.edu.pe', 984537940, 'PTI001', 'PDI0000052'),
('PER0000098', 'PERSONA NATURAL', NULL, NULL, 0, 'PPR003', 'HUGO REDIB', 'ESPINOZA RODRIGUEZ', 'M', '18138285', '2018-02-20', '1973-04-30', 'PCA006', 'hespinoza@ucv.edu.pe', 998484247, 'PTI001', 'PDI0000047'),
('PER0000099', 'PERSONA NATURAL', NULL, NULL, 0, 'PPR010', 'HUGO YVAN', 'COLLANTES PALOMINO', 'M', '16734957', '2018-02-20', '1975-11-26', 'PCA006', 'hcollantes@ucv.edu.pe', 950092309, 'PTI001', 'PDI0000032'),
('PER0000100', 'PERSONA NATURAL', NULL, NULL, 0, 'PPR004', 'SHEILAH JUNEK', 'FERNANDEZ CORONADO', 'F', '27437269', '2018-02-20', '1978-06-09', 'PCA007', 'sfernandezc@ucv.edu.pe', 968005272, 'PTI001', 'PDI0000048'),
('PER0000101', 'PERSONA NATURAL', NULL, NULL, 0, 'PPR006', 'JOSE MODESTO', 'VASQUEZ VASQUEZ', 'M', '5343326', '2018-02-20', '1952-01-16', 'PCA006', 'jvasquezva@ucv.edu.pe', 958917682, 'PTI001', 'PDI0000161'),
('PER0000102', 'PERSONA NATURAL', NULL, NULL, 0, 'PPR001', 'MARIA RAQUEL', 'MAXE MALCA', 'F', '41546619', '2018-02-20', '1982-11-01', 'PCA007', 'mmaxe@ucv.edu.pe', 984868306, 'PTI001', 'PDI0000083'),
('PER0000103', 'PERSONA NATURAL', NULL, NULL, 0, 'PPR003', 'ROBERTO MARTIN', 'ZAMORA NEVADO', 'M', '16750449', '2018-02-20', '1970-08-20', 'PCA006', 'rzamoran@ucv.edu.pe', 945990731, 'PTI001', 'PDI0000168'),
('PER0000104', 'PERSONA NATURAL', NULL, NULL, 0, 'PPR006', 'MARCELINO', 'CALLAO ALARCON', 'M', '40126163', '2018-02-20', '1978-06-01', 'PCA006', 'mcallao@ucv.edu.pe', 951551875, 'PTI001', 'PDI0000024'),
('PER0000105', 'PERSONA NATURAL', NULL, NULL, 0, 'PPR006', 'ELARD ARNALDO', 'SANCHEZ GAMARRA', 'M', '41186010', '2018-02-20', '1982-04-14', 'PCA006', 'sanchezg@ucv.edu.pe', 943264225, 'PTI001', 'PDI0000131'),
('PER0000106', 'PERSONA NATURAL', NULL, NULL, 0, 'PPR006', 'DANY JAMNIER GERMAN', 'BARRETO PEREZ', 'M', '16760580', '2018-02-20', '0000-00-00', 'PCA001', '', 0, 'PTI001', 'PDI0000016'),
('PER0000107', 'PERSONA NATURAL', NULL, NULL, 0, 'PPR010', 'MARTIN ALEXANDER', 'RIOS CUBAS', 'M', '45220005', '2018-02-20', '1988-07-23', 'PCA005', 'mrioscu@ucv.edu.pe', 965979018, 'PTI001', 'PDI0000114'),
('PER0000108', 'PERSONA NATURAL', NULL, NULL, 0, 'PPR001', 'LUIS MARIANO', 'VILLEGAS GRANADOS', 'M', '16665065', '2018-02-20', '1970-10-07', 'PCA005', 'LVILLEGAS@UCV.EDU.PE', 995029171, 'PTI001', 'PDI0000166'),
('PER0000109', 'PERSONA NATURAL', NULL, NULL, 0, 'PPR003', 'DECIDERIO ENRIQUE', 'DIAZ RUBIO', '', '16728343', '2018-02-20', '0000-00-00', 'PCA006', 'ddiaz@ucv.edu.pe', 979993561, 'PTI001', 'PDI0000042'),
('PER0000110', 'PERSONA NATURAL', NULL, NULL, 0, 'PPR006', 'GLEENN FRAY', 'SAAVEDRA GUEVARA', 'M', '44032295', '2018-02-20', '0000-00-00', 'PCA001', 'gsaavedra@ucv.edu.pe', 978811524, 'PTI001', 'PDI0000126'),
('PER0000111', 'PERSONA NATURAL', NULL, NULL, 0, 'PPR001', 'ANDREA LEONCIA', 'PALOMINO DE ACUÑA', 'F', '16724444', '2018-02-20', '0000-00-00', 'PCA005', 'apalomino@ucv.edu.pe', 978978000, 'PTI001', 'PDI0000099'),
('PER0000112', 'PERSONA NATURAL', NULL, NULL, 0, 'PPR001', 'CINTHYA GIANNINA', 'VARGAS CARRANZA', 'F', '45150072', '2018-02-20', '0000-00-00', 'PCA005', '', 0, 'PTI001', 'PDI0000157'),
('PER0000113', 'PERSONA NATURAL', NULL, NULL, 0, 'PPR006', 'OSCAR EDEN', 'GUEVARA MUSAYON', 'M', '44839254', '2018-02-20', '1987-11-11', 'PCA002', 'oguevara@ucv.edu.pe', 977290625, 'PTI001', 'PDI0000067'),
('PER0000114', 'PERSONA NATURAL', NULL, NULL, 0, 'PPR001', 'MIRLA DALIA', 'SALVADOR VIGIL', 'F', '42170983', '2018-02-20', '0000-00-00', 'PCA016', '', 0, 'PTI001', 'PDI0000129'),
('PER0000115', 'PERSONA NATURAL', NULL, NULL, 0, 'PPR006', 'RUTH ESTHER', 'SILVA GARCIA', 'F', '45401536', '2018-02-20', '1986-11-13', 'PCA005', 'rsilva@uvc.edu.pe', 994546686, 'PTI001', 'PDI0000139'),
('PER0000116', 'PERSONA NATURAL', NULL, NULL, 0, 'PPR006', 'SUSAN CAROL', 'VEGA CHAVEZ', 'F', '44512241', '2018-02-20', '1987-03-13', 'PCA009', 'svegac@ucv.edu.pe', 945223442, 'PTI001', 'PDI0000162'),
('PER0000117', 'PERSONA NATURAL', NULL, NULL, 0, 'PPR001', 'MILAGROS DEL PILAR', 'GINEZ RAMON', 'F', '46882567', '2018-02-20', '0000-00-00', 'PCA003', 'mginez@ucv.edu.pe', 46882567, 'PTI001', 'PDI0000059'),
('PER0000118', 'PERSONA NATURAL', NULL, NULL, 0, 'PPR006', 'ROCIO EMILIA', 'SAAVEDRA SANDOVAL', 'F', '40512562', '2018-02-20', '1978-06-14', 'PCA005', 'rsaavedra@ucv.edu.pe', 995016314, 'PTI001', 'PDI0000127'),
('PER0000119', 'PERSONA NATURAL', NULL, NULL, 0, 'PPR006', 'JANET KARINA', 'GONZALES GONZALES', 'F', '40172795', '2018-02-20', '0000-00-00', 'PCA002', 'jgonzalesg@ucv.edu.pe', 200175, 'PTI001', 'PDI0000061'),
('PER0000120', 'PERSONA NATURAL', NULL, NULL, 0, 'PPR003', 'SELFA OBDULIA', 'CASTAÑEDA QUIROZ', 'F', '17866286', '2018-02-20', '1962-11-30', 'PCA007', 'scastaneda@ucv.edu.pe', 976852009, 'PTI001', 'PDI0000028'),
('PER0000121', 'PERSONA NATURAL', NULL, NULL, 0, 'PPR003', 'JAIME ARTURO', 'BACA GOICOCHEA', 'M', '43193205', '2018-02-20', '1983-11-12', '', 'jbaca@ucv.edu.pe', 975053483, 'PTI001', 'PDI0000014'),
('PER0000122', 'PERSONA NATURAL', NULL, NULL, 0, 'PPR006', 'VICTOR PELAYO', 'VASQUEZ VASQUEZ', 'M', '16778628', '2018-02-20', '0000-00-00', 'PCA007', 'vvasquez@ucv.edu.pe', 966702930, 'PTI001', 'PDI0000160'),
('PER0000123', 'PERSONA NATURAL', NULL, NULL, 0, 'PPR006', 'FLOR IVONNE', 'MIJA CAMARGO', 'F', '43654754', '2018-02-20', '1986-06-17', 'PCA002', 'fmija@ucv.edu.pe', 959422755, 'PTI001', 'PDI0000086'),
('PER0000124', 'PERSONA NATURAL', NULL, NULL, 0, 'PPR010', 'JOHANNA LISBET', 'ROMERO MENDOZA', 'F', '45215828', '2018-02-20', '1988-04-27', 'PCA002', 'jromerom@ucv.edu.pe', 963981806, 'PTI001', 'PDI0000120'),
('PER0000125', 'PERSONA NATURAL', NULL, NULL, 0, 'PPR010', 'CLAUDIA JULISSA', 'TEMOCHE CUMPA', 'F', '46688932', '2018-02-20', '1990-09-18', 'PCA002', 'CTEMOCHEJ@UCV.EDU.PE', 945420036, 'PTI001', 'PDI0000144'),
('PER0000126', 'PERSONA NATURAL', NULL, NULL, 0, 'PPR010', 'PAUL JUAN', 'NIETO PECHE', 'M', '41609105', '2018-02-20', '1980-06-24', 'PCA010', 'pnieto@ucv.edu.pe', 978066698, 'PTI001', 'PDI0000094'),
('PER0000127', 'PERSONA NATURAL', NULL, NULL, 0, 'PPR010', 'FABIOLA GASDALI', 'CONTRERAS TAPIA', 'F', '40642855', '2018-02-20', '1980-01-28', 'PCA005', 'fcontreras@ucv.edu.pe', 965012980, 'PTI001', 'PDI0000034'),
('PER0000128', 'PERSONA NATURAL', NULL, NULL, 0, 'PPR001', 'JOSE ALI', 'SUAREZ CIEZA', 'M', '16780699', '2018-02-20', '1975-09-29', 'PCA010', 'jsuarez@ucv.edu.pe', 948035148, 'PTI001', 'PDI0000142'),
('PER0000129', 'PERSONA NATURAL', NULL, NULL, 0, 'PPR001', 'JULIO CESAR', 'MORENO LUNA', 'M', '42269863', '2018-02-20', '1983-12-17', 'PCA010', 'jmorenol@ucv.edu.pe', 948982339, 'PTI001', 'PDI0000088'),
('PER0000130', 'PERSONA NATURAL', NULL, NULL, 0, 'PPR006', 'MARELY ROMELÍ', 'GASTELO CABRERA', 'F', '47902405', '2018-02-20', '1990-07-01', 'PCA001', 'mgastelo@ucv.edu.pe', 942815828, 'PTI001', 'PDI0000057'),
('PER0000131', 'PERSONA NATURAL', NULL, NULL, 0, 'PPR006', 'CLAUDIA CECILIA', 'MARADIEGUE MONTAÑO', 'F', '44820096', '2018-02-20', '1987-10-14', 'PCA001', 'cmaradiegue@ucv.edu.pe', 979579480, 'PTI001', 'PDI0000080'),
('PER0000132', 'PERSONA NATURAL', NULL, NULL, 0, 'PPR006', 'LANDY DOROTY', 'MENDOZA ORTIZ', 'F', '16799522', '2018-02-20', '1978-04-19', 'PCA001', 'lmendozao@ucv.edu.pe', 979425147, 'PTI001', 'PDI0000085'),
('PER0000133', 'PERSONA NATURAL', NULL, NULL, 0, 'PPR006', 'EMILY TATIANA', 'MONDRAGON ESPINOZA', 'F', '46448932', '2018-02-20', '1990-07-22', '', 'EMONDRAGON@UCV.EDU.PE', 969291359, 'PTI001', 'PDI0000087'),
('PER0000134', 'PERSONA NATURAL', NULL, NULL, 0, 'PPR006', 'FIORELLA ESTHER', 'TESEN MEDINA', 'F', '44546286', '2018-02-20', '0000-00-00', 'PCA001', '', 0, 'PTI001', 'PDI0000146'),
('PER0000135', 'PERSONA NATURAL', NULL, NULL, 0, 'PPR006', 'FARES MARTÍN', 'BURGA ALVARADO', 'M', '45925392', '2018-02-20', '0000-00-00', 'PCA001', '', 0, 'PTI001', 'PDI0000022'),
('PER0000136', 'PERSONA NATURAL', NULL, NULL, 0, 'PPR006', 'LUIS FERNANDO', 'GONZALES CHAMBA', 'M', '45648163', '2018-02-20', '1987-04-18', 'PCA001', 'LGONZALES@UCV.EDU.PE', 952985689, 'PTI001', 'PDI0000060'),
('PER0000137', 'PERSONA NATURAL', NULL, NULL, 0, 'PPR006', 'JUAN DE DIOS', 'MORI GUERRA', 'M', '48223504', '2018-02-20', '0000-00-00', 'PCA001', '', 0, 'PTI001', 'PDI0000090'),
('PER0000138', 'PERSONA NATURAL', NULL, NULL, 0, 'PPR006', 'GLORIA DEL CARMEN', 'TORRES ALVIS', 'F', '70454646', '2018-02-20', '1991-03-30', 'PCA001', 'gtorres@ucv.edu.pe', 979966948, 'PTI001', 'PDI0000147'),
('PER0000139', 'PERSONA NATURAL', NULL, NULL, 0, 'PPR006', 'CLAUDIA YURIKO', 'DIAZ CUCAT', 'F', '45206382', '2018-02-20', '1988-06-08', 'PCA002', 'CDIAZC@UCV.EDU.PE', 978372381, 'PTI001', 'PDI0000041'),
('PER0000140', 'PERSONA NATURAL', NULL, NULL, 0, 'PPR006', 'EVELYN MILUSKA', 'VALCARCEL CASTRO', 'F', '46688875', '2018-02-20', '0000-00-00', 'PCA005', 'evalcarcel@ucv.edu.pe', 990343372, 'PTI001', 'PDI0000153'),
('PER0000141', 'PERSONA NATURAL', NULL, NULL, 0, 'PPR001', 'GLEDY', 'VASQUEZ SALVADOR', 'F', '43481317', '2018-02-20', '0000-00-00', 'PCA002', 'gvasquezs@ucv.edu.pe', 979213456, 'PTI001', 'PDI0000159'),
('PER0000142', 'PERSONA NATURAL', NULL, NULL, 0, 'PPR006', 'ALEXI FRANCISCO', 'BOCANEGRA PEREZ', 'M', '44602610', '2018-02-20', '0000-00-00', 'PCA002', 'abocanegrap@ucv.edu.pe', 978079533, 'PTI001', 'PDI0000020'),
('PER0000143', 'PERSONA NATURAL', NULL, NULL, 0, 'PPR006', 'GLADYS AURORA', 'BURGA FERNANDEZ', 'F', '41198316', '2018-02-20', '0000-00-00', 'PCA005', 'gburga@ucv.edu.pe', 950650552, 'PTI001', 'PDI0000023'),
('PER0000144', 'PERSONA NATURAL', NULL, NULL, 0, 'PPR001', 'BERTHA ROSANA', 'LLONTOP CASTAÑEDA', 'F', '16467535', '2018-02-20', '0000-00-00', 'PCA001', 'bllontop@ucv.edu.pe', 948984160, 'PTI001', 'PDI0000078'),
('PER0000145', 'PERSONA NATURAL', NULL, NULL, 0, 'PPR006', 'BERSI YERALDINE', 'PERALTA MONTENEGRO', 'F', '41286689', '2018-02-20', '1982-03-31', 'PCA001', 'bperalta@ucv.edu.pe', 978088050, 'PTI001', 'PDI0000101'),
('PER0000146', 'PERSONA NATURAL', NULL, NULL, 0, 'PPR003', 'IRINA NATALI', 'VILCHEZ VITELA', 'F', '16634389', '2018-02-20', '1974-01-05', 'PCA006', 'ivilchez@ucv.edu.pe', 999531778, 'PTI001', 'PDI0000164'),
('PER0000147', 'PERSONA NATURAL', NULL, NULL, 0, 'PPR006', 'ROCIO ISABEL', 'ZEGARRA QUIROZ', 'F', '40381677', '2018-02-20', '0000-00-00', 'PCA002', 'rzegarra@ucv.edu.pe', 964964507, 'PTI001', 'PDI0000169'),
('PER0000148', 'PERSONA NATURAL', NULL, NULL, 0, 'PPR006', 'LUIS ALBERTO', 'CHECA LLONTOP', 'M', '73055100', '2018-02-20', '1992-02-06', 'PCA002', 'LUIS_CHECA20@HOTMAIL.COM', 943867306, 'PTI001', 'PDI0000031'),
('PER0000149', 'PERSONA NATURAL', NULL, NULL, 0, 'PPR006', 'EDGARD', 'INOÑAN QUIÑONEZ', 'M', '42515866', '2018-02-20', '1982-11-25', 'PCA002', 'edy255@gmail.com', 0, 'PTI001', 'PDI0000071'),
('PER0000150', 'PERSONA NATURAL', NULL, NULL, 0, 'PPR001', 'ANGHELA VICTORIA', 'SARANGO CORDOVA', 'F', '42002972', '2018-02-20', '1983-09-13', 'PCA007', 'asarango@ucv.edu.pe', 956449792, 'PTI001', 'PDI0000136'),
('PER0000151', 'PERSONA NATURAL', NULL, NULL, 0, 'PPR006', 'EDGAR MITCHEL', 'LAU HOYOS', 'M', '16730356', '2018-02-20', '0000-00-00', 'PCA005', 'elau@ucv.edu.pe', 949733938, 'PTI001', 'PDI0000074'),
('PER0000152', 'PERSONA NATURAL', NULL, NULL, 0, 'PPR006', 'KATIA TERESA', 'ACUÑA ROJAS', 'F', '46251841', '2018-02-20', '1990-03-18', 'PCA007', 'kacunar@ucv.edu.pe', 940488920, 'PTI001', 'PDI0000001'),
('PER0000153', 'PERSONA NATURAL', NULL, NULL, 0, 'PPR001', 'IRMA SAMANTA', 'LECCIONES FLORES', 'F', '48721234', '2018-02-20', '0000-00-00', 'PCA007', '', 0, 'PTI001', 'PDI0000075'),
('PER0000154', 'PERSONA NATURAL', NULL, NULL, 0, 'PPR006', 'DENNISSE VANESA', 'TORRES SANTOYO', 'F', '42570387', '2018-02-20', '0000-00-00', 'PCA002', 'dtorres@ucv.edu.pe', 965387854, 'PTI001', 'PDI0000149'),
('PER0000155', 'PERSONA NATURAL', NULL, NULL, 0, 'PPR006', 'CINTHYA MILAGROS', 'PUTPAÑA CUEVA', 'F', '72520700', '2018-02-20', '1993-09-26', 'PCA017', 'cputcana@ucv.edu.pe', 942830243, 'PTI001', 'PDI0000108'),
('PER0000156', 'PERSONA NATURAL', NULL, NULL, 0, 'PPR007', 'MILENI MAYKE', 'TORRES CHICOMA', 'F', '45301355', '2018-02-20', '1988-07-10', 'PCA012', 'MTORRESC@UCV.EDU.PE', 954650719, 'PTI001', 'PDI0000148'),
('PER0000157', 'PERSONA NATURAL', NULL, NULL, 0, 'PPR006', 'MIGUEL ANGEL', 'ARANCIBIA MELENDEZ', 'M', '16705311', '2018-02-20', '1972-08-30', 'PCA021', 'marancibia@ucv.edu.pe', 961587032, 'PTI001', 'PDI0000006'),
('PER0000158', 'PERSONA NATURAL', NULL, NULL, 0, 'PPR006', 'FAUSTINO', 'PISFIL LLONTOP', 'M', '16632754', '2018-02-20', '1966-01-28', 'PCA005', 'FPISFIL@UCV.EDU.PE', 971316698, 'PTI001', 'PDI0000105'),
('PER0000159', 'PERSONA NATURAL', NULL, NULL, 0, 'PPR006', 'JUAN CARLOS', 'RIVADENEIRA JUAREZ', 'M', '16502471', '2018-02-20', '0000-00-00', 'PCA017', '', 0, 'PTI001', 'PDI0000115'),
('PER0000160', 'PERSONA NATURAL', NULL, NULL, 0, 'PPR006', 'LUIS ALDO', 'SANCHEZ YOVERA', 'M', '41074260', '2018-02-20', '1980-06-11', 'PCA001', 'lsancheza@ucv.edu.pe', 972613180, 'PTI001', 'PDI0000133'),
('PER0000161', 'PERSONA NATURAL', NULL, NULL, 0, 'PPR006', 'HUGO JUNIOR', 'SANTILLAN SANTA CRUZ', 'M', '46178370', '2018-02-20', '1990-01-22', 'PCA017', 'hsantillan@ucv.edu.pe', 94188589, 'PTI001', 'PDI0000134'),
('PER0000162', 'PERSONA NATURAL', NULL, NULL, 0, 'PPR012', 'KELVIN OMAR', 'SANTISTEBAN BENITES', 'M', '45464891', '2018-02-20', '1988-10-10', 'PCA012', 'ksantisteban@ucv.edu.pe', 942027236, 'PTI001', 'PDI0000135'),
('PER0000163', 'PERSONA NATURAL', NULL, NULL, 0, 'PPR007', 'HUGO ORLANDO', 'VALDERA RAMIREZ', 'M', '45885942', '2018-02-20', '1988-09-02', 'PCA012', 'HUCATCIX@GMAIL.COM', 959292429, 'PTI001', 'PDI0000154'),
('PER0000164', 'PERSONA NATURAL', NULL, NULL, 0, 'PPR006', 'GREGORIO CESAR MANUEL', 'VELASQUEZ PICON', 'M', '40068620', '2018-02-20', '1978-12-25', 'PCA012', 'gvelasquezp@ucv.edu.pe', 975816247, 'PTI001', 'PDI0000163'),
('PER0000165', 'PERSONA NATURAL', NULL, NULL, 0, 'PPR006', 'JIMY', 'VILLALOBOS CELIS', 'M', '45616086', '2018-02-20', '0000-00-00', 'PCA003', '', 0, 'PTI001', 'PDI0000165'),
('PER0000166', 'PERSONA NATURAL', NULL, NULL, 0, 'PPR006', 'JUDITH DEL PILAR', 'CARRION ACHA', 'F', '43640534', '2018-02-20', '0000-00-00', 'PCA002', 'jcarrion@ucv.edu.pe', 990343304, 'PTI001', 'PDI0000026'),
('PER0000167', 'PERSONA NATURAL', NULL, NULL, 0, 'PPR003', 'ELMER BAGNER', 'SALAZAR SALAZAR', 'M', '16786640', '2018-02-20', '1977-04-30', 'PCA018', 'esalazars@ucv.edu.pe', 979217638, 'PTI001', 'PDI0000128'),
('PER0000168', 'PERSONA NATURAL', NULL, NULL, 0, 'PPR003', 'SOFIA YRENE', 'LLERENA RODRIGUEZ', 'F', '18147780', '2018-02-20', '1976-09-18', 'PCA018', 'sllerena@ucv.edu.pe', 948985777, 'PTI001', 'PDI0000076'),
('PER0000169', 'PERSONA NATURAL', NULL, NULL, 0, 'PPR006', 'MARIA CAROLINA', 'MORENO ODAR', 'F', '44022527', '2018-02-20', '0000-00-00', 'PCA001', 'mmorenoo@ucv.edu.pe', 968407617, 'PTI001', 'PDI0000089'),
('PER0000170', 'PERSONA NATURAL', NULL, NULL, 0, 'PPR012', 'CASETA', 'UCV', 'M', '12345678', '2018-04-02', '1991-03-01', 'PCA001', 'servicedesk.cix@ucv.edu.pe', 958530118, 'PTI001', 'PDI0000170'),
('PER0000171', 'PERSONA NATURAL', NULL, NULL, 0, 'PPR012', 'SANDRA ELIZABETH', 'LOPEZ CASTAÑEDA', 'F', '72913045', '2018-04-02', '1992-06-23', 'PCA010', 'slopezc@ucv.edu.pe', 998980179, 'PTI001', 'PDI0000171'),
('PER0000172', 'PERSONA NATURAL', NULL, NULL, 0, 'PPR006', 'RIXI NOEMI', 'CASTILLO ALVITEZ', 'F', '16708699', '2018-04-02', '1973-02-27', 'PCA005', 'rcastillo@ucv.edu.pe', 979180741, 'PTI001', 'PDI0000172'),
('PER0000173', 'PERSONA NATURAL', NULL, NULL, 0, 'PPR012', 'ROSA YSABEL', 'BAZAN VALQUE', 'F', '12345678', '2018-04-02', '0000-00-00', 'PCA001', 'rbazan@ucv.edu.pe', 0, 'PTI001', 'PDI0000173'),
('PER0000174', 'PERSONA NATURAL', NULL, NULL, 0, 'PPR012', 'LUZ ANGELICA', 'VILLANUEVA SANCHEZ', 'F', '12345678', '2018-04-02', '0000-00-00', 'PCA001', 'lvillanuevas@ucv.edu.pe', 0, 'PTI001', 'PDI0000174'),
('PER0000175', 'PERSONA NATURAL', NULL, NULL, 0, 'PPR006', 'MARCOS ANTONIO', 'RAMOS RAMOS', 'M', '12345678', '2018-04-02', '0000-00-00', 'PCA005', 'mramosr@ucv.edu.pe', 0, 'PTI001', 'PDI0000175'),
('PER0000176', 'PERSONA NATURAL', NULL, NULL, 0, 'PPR012', 'ADOLFO ANGEL', 'PESANTES CARRASCO', 'M', '12345678', '2018-04-02', '0000-00-00', 'PCA001', 'apesantes@ucv.edu.pe', 0, 'PTI001', 'PDI0000176'),
('PER0000177', 'PERSONA NATURAL', NULL, NULL, 0, 'PPR012', 'JUAN ', 'OBLITAS CARRERO', 'M', '12345678', '2018-04-02', '0000-00-00', 'PCA001', 'joblitas@ucv.edu.pe', 0, 'PTI001', 'PDI0000177'),
('PER0000178', 'PERSONA NATURAL', NULL, NULL, 0, 'PPR012', 'PERCY ', 'CHAVEZ IDROGO', 'M', '12345678', '2018-04-02', '0000-00-00', 'PCA001', 'pchavez@ucv.edu.pe', 0, 'PTI001', 'PDI0000178'),
('PER0000179', 'PERSONA NATURAL', NULL, NULL, 0, 'PPR012', 'EDGAR JOSELITO', 'VILLEGAS MEGO', 'M', '12345678', '2018-04-02', '0000-00-00', 'PCA001', 'evillegas@ucv.edu.pe', 0, 'PTI001', 'PDI0000179'),
('PER0000180', 'PERSONA NATURAL', NULL, NULL, 0, 'PPR006', 'TANIA ELIZABETH', 'CIEZA BRAVO', 'F', '46109825', '2018-04-02', '1989-12-07', 'PCA002', 'tcieza@ucv.edu.pe', 942102537, 'PTI001', 'PDI0000180'),
('PER0000181', 'PERSONA NATURAL', NULL, NULL, 0, 'PPR006', 'MARIA TERESA', 'ACUÑA GALLARDO', 'F', '12345678', '2018-04-02', '1976-06-27', 'PCA005', 'macunag@ucv.edu.pe', 948950754, 'PTI001', 'PDI0000181'),
('PER0000182', 'PERSONA NATURAL', NULL, NULL, 0, 'PPR006', 'ROSARIO DEL PILAR', 'CASTRO ZAVALETA', 'F', '12345678', '2018-04-02', '0000-00-00', 'PCA002', 'rcastroz@ucv.edu.pe', 0, 'PTI001', 'PDI0000182'),
('PER0000183', 'PERSONA NATURAL', NULL, NULL, 0, 'PPR006', 'LUZ MARIA', 'PEREZ LARA', 'F', '12346578', '2018-04-02', '0000-00-00', 'PCA002', 'plaralm@ucvvirtual.edu.pe', 0, 'PTI001', 'PDI0000183'),
('PER0000184', 'PERSONA NATURAL', NULL, NULL, 0, 'PPR007', 'NANCY NOEMI', 'DIAZ OLAZABAL', 'F', '43841820', '2018-04-02', '1986-09-09', 'PCA002', 'ndiaz@ucv.edu.pe', 945179923, 'PTI001', 'PDI0000184'),
('PER0000185', 'PERSONA NATURAL', NULL, NULL, 0, 'PPR001', 'HUGO HAMILTON', 'OYOLA YARLAQUÉ', 'M', '70409180', '2018-04-02', '1990-09-02', '', 'hoyola@ucv.edu.pe', 954902511, 'PTI001', 'PDI0000185'),
('PER0000186', 'PERSONA NATURAL', NULL, NULL, 0, 'PPR012', 'ROSA MARIA CRISTINA', 'GUTIERREZ DIAZ', 'F', '73334671', '2018-04-02', '1992-12-23', 'PCA002', 'rgutierrez@ucv.edu.pe', 942058314, 'PTI001', 'PDI0000186'),
('PER0000187', 'PERSONA NATURAL', NULL, NULL, 0, 'PPR007', 'GINA', 'GARCIA FERNANDEZ', 'F', '45230925', '2018-04-02', '1987-10-09', 'PCA002', 'ggarciaf@ucv.edu.pe', 979182140, 'PTI001', 'PDI0000187'),
('PER0000188', 'PERSONA NATURAL', NULL, NULL, 0, 'PPR009', 'NATHALIA ELIZABETH', 'VARGAS SAGASTEGUI', 'F', '44771415', '2018-04-02', '1988-12-18', 'PCA002', 'nvargass@ucv.edu.pe', 959823229, 'PTI001', 'PDI0000188'),
('PER0000189', 'PERSONA NATURAL', NULL, NULL, 0, 'PPR010', 'KATTIA LISSET', 'HORNA VASQUEZ', 'F', '47564627', '2018-04-02', '1990-05-02', 'PCA002', 'khorna@ucv.edu.pe', 950147314, 'PTI001', 'PDI0000189'),
('PER0000190', 'PERSONA NATURAL', NULL, NULL, 0, 'PPR012', 'BENEDICTO', 'CHAVEZ CUEVA', 'M', '26608102', '2018-04-02', '1949-11-20', 'PCA003', 'BCHAVEZ@UCV.EDU.PE', 951413121, 'PTI001', 'PDI0000190'),
('PER0000191', 'PERSONA NATURAL', NULL, NULL, 0, 'PPR007', 'ADRIANA RAQUEL', 'CHAVARRY ARRIBASPLATA', 'F', '42897677', '2018-04-02', '1984-02-18', 'PCA002', 'achavarry@ucv.edu.pe', 976549777, 'PTI001', 'PDI0000191'),
('PER0000192', 'PERSONA NATURAL', NULL, NULL, 0, 'PPR007', 'WILLIAM JONELL', 'ALFARO PALOMINO', 'M', '44690932', '2018-04-02', '0000-00-00', 'PCA002', 'walfaro@ucv.edu.pe', NULL, 'PTI001', 'PDI0000192'),
('PER0000193', 'PERSONA NATURAL', NULL, NULL, 0, 'PPR007', 'LISMAN MIGUEL', 'PAREDES ENCO', 'F', '44786488', '2018-04-02', '0000-00-00', 'PCA002', 'lparedes@ucv.edu.pe', NULL, 'PTI001', 'PDI0000193'),
('PER0000194', 'PERSONA NATURAL', NULL, NULL, 0, 'PPR007', 'MILTHON WILBER', 'JULCAMORO CHAVEZ', 'M', '42093988', '2018-04-02', '1983-08-12', 'PCA002', 'mjulcamoro@ucv.edu.pe', 987850650, 'PTI001', 'PDI0000194'),
('PER0000195', 'PERSONA NATURAL', '', '', 0, 'PPR006', 'CHERYL ORNELLA', 'MAZZETO COTRINA', 'F', '47171039', '0000-00-00', '1991-11-25', 'PCA007', 'cheryl_25_11@hotmail.com', 959888431, 'PTI001', 'PDI0000195'),
('PER0000196', 'PERSONA NATURAL', '', '', 0, 'PPR006', 'THALIA DEL FATIMA', 'GUTIERREZ BENAVIDES', 'F', '60969545', '0000-00-00', '1995-12-15', 'PCA002', 'tgutierrez@ucv.edu.pe', 944419180, 'PTI001', 'PDI0000196'),
('PER0000197', 'PERSONA NATURAL', '', '', 0, 'PPR006', 'JOSSY ELIZABETH', 'VEGA ESTELA', 'F', '44790496', '0000-00-00', '1987-11-09', 'PCA002', 'jvegae@ucv.edu.pe', 949746332, 'PTI001', 'PDI0000197'),
('PER0000198', 'PERSONA NATURAL', '', '', 0, 'PPR006', 'VICTORIA MERCEDES', 'CAMPOS LLAJA', 'F', '44283290', '2015-03-01', '1987-04-01', 'PCA002', 'vcampos@ucv.edu.pe', 945130055, 'PTI001', 'PDI0000198'),
('PER0000199', 'PERSONA NATURAL', '', '', 0, 'PPR006', 'CLAUDIA LEONOR', 'CACEDA NUÑEZ', 'F', '46251842', '2020-03-27', '1990-02-24', 'PCA002', 'ccaceda@ucv.edu.pe', 942188122, 'PTI001', 'PDI0000199'),
('PER0000200', 'PERSONA NATURAL', '', '', 0, 'PPR006', 'FIORELLA ', 'ODAR PRADO', 'F', '45616064', '2020-03-31', '1989-02-28', 'PCA007', 'fodar@ucv.edu.pe', 981752967, 'PTI001', 'PDI0000200'),
('PER0000201', 'PERSONA NATURAL', '', '', 0, 'PPR006', 'RAMON ALEXANDER', 'VASQUEZ CHAVEZ', 'M', '44390492', '2020-03-31', '1986-06-28', 'PCA007', 'rvasquezc@ucv.edu.pe', 951701290, 'PTI001', 'PDI0000201'),
('PER0000202', 'PERSONA NATURAL', '', '', 0, 'PPR006', 'YSELA LILIANA', 'PANDURO TIRADO', 'F', '40902858', '2020-03-31', '2015-03-25', 'PCA007', 'ypanduro@ucv.edu.pe', 981752967, 'PTI001', 'PDI0000202'),
('PER0000203', 'PERSONA NATURAL', '', '', 0, 'PPR006', 'NATALI PAOLA', 'CABRERA IDROGO', 'F', '46305984', '2020-03-31', '1990-05-04', 'PCA007', 'ncabrerai@ucv.edu.pe', 999018345, 'PTI001', 'PDI0000203'),
('PER0000204', 'PERSONA NATURAL', '', '', 0, 'PPR006', 'MIGUEL ALEXANDER', 'MUNAYCO NAVARRO', 'M', '42757294', '2020-03-31', '1984-10-09', 'PCA007', 'mnunayco@ucv.edu.pe', 988427578, 'PTI001', 'PDI0000204'),
('PER0000205', 'PERSONA NATURAL', '', '', 0, 'PPR012', 'ROLY ELMER', 'CHAVEZ SAUCEDO', 'M', '43746014', '2020-03-31', '1986-09-13', 'PCA002', 'rchavezs@ucv.edu.pe', 968278384, 'PTI001', 'PDI0000205'),
('PER0000206', 'PERSONA NATURAL', '', '', 0, 'PPR001', 'CARLOS AUGUSTO', 'DIAZ PINGO', 'M', '46821663', '2020-05-31', '1991-03-01', 'PCA019', 'CDIAZP@UCV.EDU.PE', 958530118, 'PTI001', 'PDI0000206'),
('PER0000207', 'PERSONA NATURAL', '', '', 0, 'PPR006', 'CINTHIA', 'TOCTO TOMAPASCA', 'F', '46423076', '2020-04-30', '1990-06-29', 'PCA007', 'ctocto@ucv.edu.pe', 945778568, 'PTI001', 'PDI0000207'),
('PER0000208', 'PERSONA NATURAL', '', '', 0, 'PPR001', 'NILA', 'USHIÑAHUA VARGAS', 'F', '17595875', '2020-01-31', '1970-09-15', 'PCA003', 'nushinahua@ucv.edu.pe', 0, 'PTI001', 'PDI0000208'),
('PER0000209', 'PERSONA NATURAL', '', '', 0, 'PPR001', 'ANGY TATHIANA', 'ALVITES LEON', 'F', '72120546', '2020-04-30', '1992-11-05', 'PCA002', 'AALVITES@UCV.EDU.PE', 930304320, 'PTI001', 'PDI0000209'),
('PER0000210', 'PERSONA NATURAL', '', '', 0, 'PPR006', 'ESDRAS JOEL', 'TORRES VARGAS', 'M', '42041577', '2020-04-30', '1983-08-02', 'PCA007', 'etorresv@ucv.edu.pe', 950899186, 'PTI001', 'PDI0000210'),
('PER0000211', 'PERSONA NATURAL', '', '', 0, 'PPR006', 'MARIELY SOLEDAD', 'ALMEYDA TORRES', 'F', '44682250', '2020-12-31', '1987-09-12', 'PCA002', 'malmeyda@ucv.edu.pe', 976959198, 'PTI001', 'PDI0000211'),
('PER0000212', 'PERSONA NATURAL', '', '', 0, 'PPR006', 'MAZEL BETZABE', 'ZELADA ALCÁNTARA', 'F', '43907453', '2020-12-31', '1986-10-12', 'PCA007', 'MZELADA@UCV.EDU.PE', 976016342, 'PTI001', 'PDI0000212'),
('PER0000213', 'PERSONA NATURAL', '', '', 0, 'PPR006', 'MERCY GEORGINA', 'DELGADO PAREDES', 'F', '46372590', '2020-12-31', '1990-05-23', 'PCA007', 'mdelgadop@ucv.edu.pe', 993897754, 'PTI001', 'PDI0000213'),
('PER0000214', 'PERSONA NATURAL', '', '', 0, 'PPR006', 'MERLY DEL ROCIO', 'NEVADO CHAUCA', 'F', '43578283', '2019-04-25', '1986-03-21', 'PCA007', 'mnevado@ucv.edu.pe', 945658444, 'PTI001', 'PDI0000214'),
('PER0000215', 'PERSONA NATURAL', '', '', 0, 'PPR001', 'CECILIA', 'HUAMAN LOPEZ', 'F', '42084359', '2020-12-31', '1983-09-12', 'PCA007', 'chuaman@ucv.edu.pe', 945374542, 'PTI001', 'PDI0000215'),
('PER0000216', 'PERSONA NATURAL', '', '', 0, 'PPR001', 'JOSE MANUEL', 'BRUNO SARMIENTO', 'M', '41927454', '2020-12-31', '1983-07-06', 'PCA007', 'jbruno@ucv.edu.pe', 945103224, 'PTI001', 'PDI0000216'),
('PER0000217', 'PERSONA NATURAL', '', '', 0, 'PPR006', 'YESICA PAOLA', 'VASQUEZ RIVERA', 'F', '42904796', '2019-05-31', '1981-11-11', 'PCA001', 'paolavr24@hotmail.com', 949625482, 'PTI001', 'PDI0000217'),
('PER0000218', 'PERSONA NATURAL', '', '', 0, 'PPR006', 'CELINA', 'RUBIO MUÑOZ', 'M', '40376103', '2020-05-27', '1979-11-04', 'PCA002', 'celina_rm@hotmail.com', 952806623, 'PTI001', 'PDI0000218'),
('PER0000219', 'PERSONA NATURAL', '', '', 0, 'PPR006', 'ASTRID MARINA', 'LAMADRID ESPINOZA', 'F', '47569040', '2020-12-31', '1990-06-13', 'PCA002', 'ale9013@hotmail.com', 951753943, 'PTI001', 'PDI0000219'),
('PER0000220', 'PERSONA NATURAL', '', '', 0, 'PPR004', 'CECILIA ALEJANDRA', 'FIGUEROA CUSTODIO', 'F', '46424537', '2020-12-31', '1990-04-24', 'PCA002', 'cfigueroa@ucv.edu.pe', 977127218, 'PTI001', 'PDI0000220'),
('PER0000221', 'PERSONA NATURAL', '', '', 0, 'PPR006', 'ELENA DEL PILAR', 'LOZADA TEZEN', 'F', '42457844', '2020-12-31', '1984-06-23', 'PCA005', 'elozada@ucv.edu.pe', 999586570, 'PTI001', 'PDI0000221'),
('PER0000222', 'PERSONA NATURAL', '', '', 0, 'PPR010', 'EDUARDO', 'ANDRADE GUIMAREY', 'M', '16786997', '2017-05-31', '1977-05-17', 'PCA005', 'eandrade@ucv.edu.pe', 944132023, 'PTI001', 'PDI0000222'),
('PER0000223', 'PERSONA NATURAL', '', '', 0, 'PPR006', 'FIORELLA ROSMERY', 'SALES CALDERON', 'F', '43058421', '2020-12-31', '1985-04-23', 'PCA009', 'fsales@ucv.edu.pe', 956690147, 'PTI001', 'PDI0000223'),
('PER0000224', 'PERSONA NATURAL', '', '', 0, 'PPR007', 'MARIA MERCEDES', 'RONDOY LUJAN', 'F', '71388193', '2020-12-31', '1992-12-11', 'PCA002', 'MRONDOYL@UCV.EDU.PE', 0, 'PTI001', 'PDI0000224'),
('PER0000225', 'PERSONA NATURAL', '', '', 0, 'PPR010', 'DANIEL JESUS', 'CAMPOS NUÑEZ', 'M', '46526912', '2020-12-31', '1990-06-25', 'PCA002', 'DCAMPOSNU@UCV.EDU.PE', 944823358, 'PTI001', 'PDI0000225'),
('PER0000226', 'PERSONA NATURAL', '', '', 0, 'PPR012', 'JULIO CESAR', 'BERNAL VILCABANA', 'M', '45211474', '2020-12-31', '1987-12-04', 'PCA002', 'JBERNALV@UCV.EDU.PE', 969839430, 'PTI001', 'PDI0000226'),
('PER0000227', 'PERSONA NATURAL', '', '', 0, 'PPR011', 'KATHERINE FIORELA', 'VALLEJOS ÑONTOL', 'F', '47459551', '2020-12-31', '1991-10-10', 'PCA002', 'kvallejosn@ucv.edu.pe', 968648767, 'PTI001', 'PDI0000227'),
('PER0000228', 'PERSONA NATURAL', '', '', 0, 'PPR001', 'KARLA MARISABEEL', 'COLONA CHUNGA DE PLASENCIA', 'F', '40072343', '2020-12-31', '2015-06-25', 'PCA002', 'kcolona@ucv.edu.pe', 942180426, 'PTI001', 'PDI0000228'),
('PER0000229', 'PERSONA NATURAL', '', '', 0, 'PPR006', 'FRANCISCO JAVIER', 'TAVARA ALARCON', 'M', '43990723', '2019-06-12', '1987-01-08', 'PCA007', 'FTAVARA@UCV.EDU.PE', 979400532, 'PTI001', 'PDI0000229'),
('PER0000230', 'PERSONA NATURAL', '', '', 0, 'PPR004', 'VICTOR ', 'GUTIERREZ GUITIERREZ', 'M', '25616364', '2020-12-31', '2015-06-30', 'PCA007', 'erojasc@ucv.edu.pe', 0, 'PTI001', 'PDI0000230'),
('PER0000231', 'PERSONA NATURAL', '', '', 0, 'PPR004', 'SYLVIA YUDY', 'MARINI SALDAÑA', 'F', '16641584', '2020-12-31', '2015-06-30', 'PCA007', 'smarini@ucv.edu.pe', 0, 'PTI001', 'PDI0000231'),
('PER0000232', 'PERSONA NATURAL', '', '', 0, 'PPR004', 'CARLOS', 'SANCHEZ CORONADO', 'M', '41216213', '2020-12-31', '2015-06-30', 'PCA007', 'erojasc@ucv.edu.pe', 0, 'PTI001', 'PDI0000232'),
('PER0000233', 'PERSONA NATURAL', '', '', 0, 'PPR004', 'ROSA MARIA', 'MEJIA CHUMAN', 'F', '16681613', '2020-12-31', '2015-06-30', 'PCA007', 'erojasc@ucv.edu.pe', 0, 'PTI001', 'PDI0000233'),
('PER0000234', 'PERSONA NATURAL', '', '', 0, 'PPR004', 'HECTOR', 'BARDALES VINCES', 'M', '40061048', '2020-12-31', '2015-06-30', 'PCA007', 'erojasc@ucv.edu.pe', 0, 'PTI001', 'PDI0000234'),
('PER0000235', 'PERSONA NATURAL', '', '', 0, 'PPR004', 'EDWAR', 'SALAZAR SANCHEZ', 'M', '43935309', '2020-12-31', '2015-06-30', 'PCA007', 'erojasc@ucv.edu.pe', 0, 'PTI001', 'PDI0000235'),
('PER0000236', 'PERSONA NATURAL', '', '', 0, 'PPR004', 'JORGE LUIS', 'VENTURA CAVA', 'M', '40783534', '2020-12-31', '2015-06-30', 'PCA007', 'erojasc@ucv.edu.pe', 0, 'PTI001', 'PDI0000236'),
('PER0000237', 'PERSONA NATURAL', '', '', 0, 'PPR012', 'JULLY MARIBEL', 'LARIOS MEL', 'F', '80445484', '2020-07-21', '1976-11-25', 'PCA003', 'jlariosme@ucv.edu.pe', 947612468, 'PTI001', 'PDI0000237'),
('PER0000238', 'PERSONA NATURAL', '', '', 0, 'PPR003', 'PATRICIA ISABEL', 'AGUILAR INCIO', 'F', '40253904', '2020-12-31', '1979-04-18', 'PCA001', 'paguilar@ucv.edu.pe', 949067293, 'PTI001', 'PDI0000238'),
('PER0000239', 'PERSONA NATURAL', '', '', 0, 'PPR006', 'CAROLINA', 'ASTONITAS MANAYAY', 'F', '41477631', '2020-12-31', '1982-09-20', 'PCA002', 'castonitas@ucv.edu.pe', 0, 'PTI001', 'PDI0000239'),
('PER0000240', 'PERSONA NATURAL', '', '', 0, 'PPR006', 'CLAUDIA ESTEFANIA', 'BACA PINEDO', 'F', '70782654', '2015-12-31', '1992-06-09', 'PCA002', 'cbacap@ucv.edu.pe', 985033306, 'PTI001', 'PDI0000240'),
('PER0000241', 'PERSONA NATURAL', '', '', 0, 'PPR001', 'ROSAURA', 'BENAVIDES CABRERA', 'F', '44805321', '2020-12-31', '1992-06-09', 'PCA002', 'rbenavides@ucv.edu.pe', 0, 'PTI001', 'PDI0000241'),
('PER0000242', 'PERSONA NATURAL', '', '', 0, 'PPR001', 'MANUEL', 'BENAVIDES SOSA', 'M', '41252789', '2020-12-31', '1981-11-09', 'PCA002', 'mbenavides@ucv.edu.pe', 0, 'PTI001', 'PDI0000242'),
('PER0000243', 'PERSONA NATURAL', '', '', 0, 'PPR006', 'KARL MAURICIO', 'CASTRO VILLANUEVA', 'M', '41251504', '2020-12-31', '1980-12-17', 'PCA002', 'mcastrov@ucv.edu.pe', 0, 'PTI001', 'PDI0000243'),
('PER0000244', 'PERSONA NATURAL', '', '', 0, 'PPR006', 'ROBERT RICARDO', 'CHAVEZ CUEVA', 'M', '45637186', '2020-12-31', '1989-03-31', 'PCA002', 'rchavez@ucv.edu.pe', 0, 'PTI001', 'PDI0000244'),
('PER0000245', 'PERSONA NATURAL', '', '', 0, 'PPR006', 'NATALY MARIEL', 'CORNEJO HUAMÁN', 'F', '44807383', '2020-12-31', '1988-01-06', 'PCA002', 'ncornejo@ucv.edu.pe', 0, 'PTI001', 'PDI0000245'),
('PER0000246', 'PERSONA NATURAL', '', '', 0, 'PPR001', 'LUIS CARLOS', 'DAVILA TINTINAPON', 'M', '47379079', '2020-12-31', '1992-10-28', 'PCA002', 'ldavilat@ucv.edu.pe', 0, 'PTI001', 'PDI0000246');
INSERT INTO `tbpersona` (`per_Codigo`, `per_TipoEmpresa`, `per_RazonSocial`, `per_prs_Codigo`, `per_RUC`, `per_ppr_Codigo`, `per_Nombres`, `per_Apellidos`, `per_Sexo`, `per_DNI`, `per_DNICaducidad`, `per_Nacimiento`, `per_pca_Codigo`, `per_Email`, `per_Telefono`, `per_pti_Codigo`, `per_pdi_Codigo`) VALUES
('PER0000247', 'PERSONA NATURAL', '', '', 0, 'PPR001', 'YESSICA PAOLA', 'DOMINGUEZ IMAN', 'F', '44919557', '2020-12-31', '1987-12-20', 'PCA002', 'ydominguez@ucv.edu.pe', 948589771, 'PTI001', 'PDI0000247'),
('PER0000248', 'PERSONA NATURAL', '', '', 0, 'PPR001', 'YODIXA YOSSARY', 'FERNANDEZ FERNANDEZ', 'F', '44834385', '2015-12-31', '1986-10-10', 'PCA002', '0', 0, 'PTI001', 'PDI0000248'),
('PER0000249', 'PERSONA NATURAL', '', '', 0, 'PPR006', 'JORGE LUIS', 'FERNANDEZ TERAN', 'M', '44519624', '2020-12-31', '1987-08-23', 'PCA007', 'JFERNANDEZT@UCV.EDU.PE', 985314140, 'PTI001', 'PDI0000249'),
('PER0000250', 'PERSONA NATURAL', '', '', 0, 'PPR001', 'ALEXIS JOEL', 'HUERTAS NAMUCHE', 'M', '72553697', '2020-12-31', '1987-08-23', 'PCA002', '0', 0, 'PTI001', 'PDI0000250'),
('PER0000251', 'PERSONA NATURAL', '', '', 0, 'PPR005', 'LUCY DEL PILAR', 'MAXIMO SANDOVAL', 'F', '16441651', '2020-12-31', '1962-05-13', 'PCA005', 'lmaximo@ucv.edu.pe', 951015950, 'PTI001', 'PDI0000251'),
('PER0000252', 'PERSONA NATURAL', '', '', 0, 'PPR001', 'MELVIN GULLIVE', 'PEREZ ECHEANDIA', 'M', '16448980', '2020-12-31', '1963-04-07', 'PCA007', 'MPEREZE@UCV.EDU.PE', 996047765, 'PTI001', 'PDI0000252'),
('PER0000253', 'PERSONA NATURAL', '', '', 0, 'PPR001', 'SARA', 'RAMIREZ GUADALUPE ', 'F', '41642424', '2020-12-31', '1982-12-11', 'PCA002', '0', 0, 'PTI001', 'PDI0000253'),
('PER0000254', 'PERSONA NATURAL', '', '', 0, 'PPR001', 'ELIANA DE FATIMA', 'RIMARACHIN ESQUIVES', 'F', '40974993', '2020-12-31', '1981-05-13', 'PCA002', '0', 0, 'PTI001', 'PDI0000254'),
('PER0000255', 'PERSONA NATURAL', '', '', 0, 'PPR012', 'YESSENIA DEL CARMEN', 'RUIZ ZAVALA', 'F', '46651551', '2020-12-31', '1990-07-28', 'PCA002', 'yeysaile2807@hotmail.com', 74204540, 'PTI001', 'PDI0000255'),
('PER0000256', 'PERSONA NATURAL', '', '', 0, 'PPR001', 'PAUL ALONSO', 'SANTAMARIA TINEO', 'M', '46245579', '2020-12-31', '1990-03-27', 'PCA002', '0', 0, 'PTI001', 'PDI0000256'),
('PER0000257', 'PERSONA NATURAL', '', '', 0, 'PPR001', 'MARIA', 'SAUCEDO CUBAS DE RAMOS', 'F', '42184330', '2020-12-31', '1982-05-10', 'PCA002', '0', 0, 'PTI001', 'PDI0000257'),
('PER0000258', 'PERSONA NATURAL', '', '', 0, 'PPR006', 'SHIRLEY', 'SERQUEN BRAVO', 'F', '45498435', '2020-12-31', '1988-11-20', 'PCA002', 'sserquen@ucv.edu.pe', 656097688, 'PTI001', 'PDI0000258'),
('PER0000259', 'PERSONA NATURAL', '', '', 0, 'PPR001', 'PEDRO ALBERTO', 'SOTO VELASQUEZ', 'M', '44177540', '2020-12-31', '1987-03-01', 'PCA002', '0', 0, 'PTI001', 'PDI0000259'),
('PER0000260', 'PERSONA NATURAL', '', '', 0, 'PPR007', 'YOYSY YANETH', 'VARGAS CHOTA', 'F', '43270076', '2020-12-31', '1985-10-16', 'PCA012', 'yvargas@ucv.edu.pe', 931322834, 'PTI001', 'PDI0000260'),
('PER0000261', 'PERSONA NATURAL', '', '', 0, 'PPR001', 'SEGUNDO JAMILTON', 'VILLANUEVA RIOS', 'M', '46125219', '2020-12-31', '1989-04-29', 'PCA002', '0', 0, 'PTI001', 'PDI0000261'),
('PER0000262', 'PERSONA NATURAL', '', '', 0, 'PPR007', 'MARCEL IVANIR', 'VINTIMILLA RODAS', 'M', '43743742', '2020-12-31', '1986-09-11', 'PCA002', 'mvintimilla@ucv.edu.pe', 951058002, 'PTI001', 'PDI0000262'),
('PER0000263', 'PERSONA NATURAL', '', '', 0, 'PPR001', 'MARLYTA PAMELA', 'CHIQUINTA MESíA', 'F', '72289294', '2020-12-31', '1992-11-06', 'PCA001', '0', 0, 'PTI001', 'PDI0000263'),
('PER0000264', 'PERSONA NATURAL', '', '', 0, 'PPR001', 'JIM ALBERTH', 'CABEZA VASQUEZ', 'F', '46833387', '2020-12-31', '1992-03-08', 'PCA001', '0', 0, 'PTI001', 'PDI0000264'),
('PER0000265', 'PERSONA NATURAL', '', '', 0, 'PPR012', 'HELLEN MICHELLY', 'ALEJANDRÍA DÍAZ', 'F', '16710509', '2020-12-31', '1973-07-20', 'PCA001', 'HALEJANDRIA@UCV.EDU.PE', 945449248, 'PTI001', 'PDI0000265'),
('PER0000266', 'PERSONA NATURAL', '', '', 0, 'PPR012', 'GLADYS ', 'VILLANUEVA TORRES', 'F', '46486239', '2020-09-23', '1990-08-13', 'PCA002', 'cvillanuevap@ucv.edu.pe', 979557885, 'PTI001', 'PDI0000266'),
('PER0000267', 'PERSONA NATURAL', '', '', 0, 'PPR001', 'OSCAR IVáN', 'ALFARO BUSTAMANTE', 'F', '45628715', '2020-12-31', '1989-03-22', 'PCA007', 'oalfaro@ucv.edu.pe', 968981362, 'PTI001', 'PDI0000267'),
('PER0000268', 'PERSONA NATURAL', '', '', 0, 'PPR006', 'WILMER ENRIQUE', 'VIDAURRE GARCÍA', 'M', '16730598', '2020-12-31', '1975-04-16', 'PCA007', 'wvidaurre@ucv.edu.pe', 979455438, 'PTI001', 'PDI0000268'),
('PER0000269', 'PERSONA NATURAL', '', '', 0, 'PPR006', 'JUAN CARLOS', 'SAMAME CASTILLO', 'M', '17449592', '2020-12-31', '1975-10-17', 'PCA007', 'JSAMAME@UCV.EDU.PE', 942197033, 'PTI001', 'PDI0000269'),
('PER0000270', 'PERSONA NATURAL', '', '', 0, 'PPR001', 'JAMES ROY', 'PUEMAPE LLUEN', 'M', '45568072', '2020-12-31', '1988-12-17', 'PCA003', 'JPUEMAPE@UCV.EDU.PE', 947242090, 'PTI001', 'PDI0000270'),
('PER0000271', 'PERSONA NATURAL', '', '', 0, 'PPR010', 'CARLOS', 'ALARCON ECHE', 'M', '41885769', '2019-10-31', '1983-02-04', 'PCA007', 'karlosALARCONECHE@hotmail.com', 969611603, 'PTI001', 'PDI0000271'),
('PER0000272', 'PERSONA NATURAL', '', '', 0, 'PPR006', 'RALPT JOSUE ', 'JARAMILLO CALDERON', 'M', '44228270', '2020-10-21', '1987-01-23', 'PCA025', 'rjaramillo@ucv.edu.pe', 943122532, 'PTI001', 'PDI0000272'),
('PER0000273', 'PERSONA NATURAL', '', '', 0, 'PPR011', 'KATHERINE', 'GUITIERREZ BENAVIDES', 'F', '48489867', '2019-10-29', '1994-11-26', 'PCA003', 'katy_guitierrez26@hotmail.es', 965869515, 'PTI001', 'PDI0000273'),
('PER0000274', 'PERSONA NATURAL', '', '', 0, 'PPR012', 'MIGUEL ANGEL', 'ZUÑIGA RAMIREZ', 'M', '41339996', '2019-10-30', '1982-11-02', 'PCA021', 'miguel_z110582@hotmail.com', 281485, 'PTI001', 'PDI0000274'),
('PER0000275', 'PERSONA NATURAL', '', '', 0, 'PPR011', 'KELLY JENNIFER', 'DAVILA CARRASCO', 'F', '46194221', '2020-10-21', '1990-02-23', 'PCA002', 'kelly_9023@hotmail.com', 980386896, 'PTI001', 'PDI0000275'),
('PER0000276', 'PERSONA NATURAL', '', '', 0, 'PPR007', 'CESAR AUGUSTO', 'ARRASCO MUÑOZ', 'M', '46054129', '2020-11-17', '1989-06-04', 'PCA002', 'carrasco@ucv.edu.pe', 980668048, 'PTI001', 'PDI0000275'),
('PER0000277', 'PERSONA NATURAL', '', '', 0, 'PPR007', 'KARLA ALEJANDRA', 'BARRETO OLIVA', 'F', '48061847', '0000-00-00', '1993-12-07', '', 'kbarreto@ucv.edu.pe', 956992208, 'PTI001', 'PDI0000276'),
('PER0000278', 'PERSONA NATURAL', '', '', 0, 'PPR006', 'JUANA ROSA', 'MORI FUENTES', 'F', '45671419', '2020-12-31', '1989-04-07', 'PCA002', 'JMORIF@UCV.EDU.PE', 999010779, 'PTI001', 'PDI0000277'),
('PER0000279', 'PERSONA NATURAL', '', '', 0, 'PPR001', 'CINTHYA CAROLINA', 'ALFARO ÑIQUEN', 'F', '46010762', '2016-12-31', '1989-10-07', 'PCA002', 'calfaron@ucv.edu.pe', 943787783, 'PTI001', 'PDI0000278'),
('PER0000280', 'PERSONA NATURAL', '', '', 0, 'PPR001', 'NATALIA CAROLINA', 'LORREN CÁCERES', 'F', '44391648', '2016-12-31', '1987-07-07', 'PCA002', 'nlorren@ucv.edu.pe', 986609448, 'PTI001', 'PDI0000279'),
('PER0000281', 'PERSONA NATURAL', '', '', 0, 'PPR006', 'CECILIA KARINA', 'MARTINEZ HERNANDEZ', 'F', '43355359', '0000-00-00', '1985-12-10', 'PCA025', 'CECILIAKARINA85@HOTMAIL.COM', 951469792, 'PTI001', 'PDI0000280'),
('PER0000282', 'PERSONA NATURAL', '', '', 0, 'PPR001', 'ALEIDA KARINA', 'VASQUEZ VASQUEZ', 'F', '43628478', '0000-00-00', '1986-05-08', 'PCA023', 'AVASQUEZ@UCV.EDU.PE', 979992799, 'PTI001', 'PDI0000281'),
('PER0000283', 'PERSONA NATURAL', '', '', 0, 'PPR006', 'CELIA DEL CARMEN', 'OLAVARRIA TORRES', 'F', '45464113', '2016-12-31', '1988-07-13', 'PCA009', 'cOLAVARRIAto@ucv.edu.pe', 987041343, 'PTI001', 'PDI0000282'),
('PER0000284', 'PERSONA NATURAL', '', '', 0, 'PPR007', 'PAVEL JULIAN', 'GAMARRA HERRERA', 'M', '16683300', '2018-12-01', '1969-03-14', 'PCA012', 'PGAMARRA@UCV.EDU.PE', 948412527, 'PTI001', 'PDI0000283'),
('PER0000285', 'PERSONA NATURAL', '', '', 0, 'PPR007', 'HENRY PAUL', 'AMAYA GALLARDO', 'M', '47274536', '0000-00-00', '1992-08-23', 'PCA003', 'HAMAYA@UCV.EDU.pe', 979449682, 'PTI001', 'PDI0000284'),
('PER0000286', 'PERSONA NATURAL', '', '', 0, 'PPR001', 'EVELIN LISBETH', 'CORDOVA CERNA', '', '47625481', '2016-12-31', '1992-07-17', 'PCA002', 'ecordova@ucv.edu.pe', 955119126, 'PTI001', 'PDI0000285'),
('PER0000287', 'PERSONA NATURAL', '', '', 0, 'PPR007', 'RUTH NATALY', 'FERNANDEZ PISCOYA', 'F', '43378392', '0000-00-00', '1985-09-11', 'PCA002', 'rfernandezp@ucv.edu.pe', 979405859, 'PTI001', 'PDI0000286'),
('PER0000288', 'PERSONA NATURAL', '', '', 0, 'PPR001', 'ADRIAN ERNESTO', 'RUIZ FIGUEROA', 'M', '48342427', '2019-09-09', '1994-08-10', 'PCA019', 'adrian,ruiz@unprg.edu.pe', 995032996, 'PTI001', 'PDI0000287'),
('PER0000289', 'PERSONA NATURAL', '', '', 0, 'PPR001', 'ANGEL', 'SIRLOPU C', 'M', '73130609', '2017-01-01', '1994-02-14', 'PCA002', 'design.anguel@gmail.com', 983980601, 'PTI001', 'PDI0000288'),
('PER0000290', 'PERSONA NATURAL', '', '', 0, 'PPR010', 'JENNIFER MARISOL', 'CHIRINOS ACOSTA', 'F', '76838492', '0000-00-00', '1994-12-15', 'PCA002', 'chacostajm@ucvvirtual.edu.pe', 981658085, 'PTI001', 'PDI0000289'),
('PER0000291', 'PERSONA NATURAL', '', '', 0, 'PPR007', 'BYRON ERNESTO', 'HERRERA PACHECO', 'F', '48492762', '2016-12-31', '1994-08-20', 'PCA002', 'BAYRON_20_12@HOTMAIL.COM', 985403906, 'PTI001', 'PDI0000290'),
('PER0000292', 'PERSONA NATURAL', '', '', 0, 'PPR006', 'EDGARDO JOSE', 'TORRES LOZADA', 'F', '16672527', '2017-04-01', '1970-03-19', 'PCA005', 'ETORRES@UCV.EDU.PE', 943091471, 'PTI001', 'PDI0000291'),
('PER0000293', 'PERSONA NATURAL', '', '', 0, 'PPR006', 'ROBERTO ELIAS', 'CARDOZA GUEVARA', 'M', '43348591', '0000-00-00', '1985-12-16', 'PCA005', 'RCARDOZA@UCV.EDU.PE', 991280093, 'PTI001', 'PDI0000292'),
('PER0000294', 'PERSONA NATURAL', '', '', 0, 'PPR011', 'ERIKCA ROMINA', 'GUTIERREZ BANCES', 'F', '44472986', '2017-05-01', '1986-03-13', 'PCA003', 'EGUTIERREZE@UCV.EDU.PE', 957454443, 'PTI001', 'PDI0000293'),
('PER0000295', 'PERSONA NATURAL', '', '', 0, 'PPR007', 'DALIA TATIANA', 'ENRIQUEZ PUICON', 'F', '48097223', '0000-00-00', '1993-12-04', 'PCA002', 'DENRIQUEZ@UCV.EDU.PE', 986279658, 'PTI001', 'PDI0000294'),
('PER0000296', 'PERSONA NATURAL', '', '', 0, 'PPR009', 'LIZA AURORA', 'ORDERIQUE CHAMORRO', 'F', '16722569', '0000-00-00', '1975-02-05', 'PCA023', 'lorderique@ucv.edu.pe', 940224166, 'PTI001', 'PDI0000295'),
('PER0000297', 'PERSONA NATURAL', '', '', 0, 'PPR001', 'CESAR AUGUSTO', 'ZATTA SILVA', 'M', '16684664', '2017-04-10', '1970-07-13', 'PCA007', 'CZATTA@UCV.EDU.PE', 979931917, 'PTI001', 'PDI0000296'),
('PER0000298', 'PERSONA NATURAL', NULL, NULL, 0, 'PPR006', 'MARÌA DEL PILAR', 'MEDINA RODRIGUEZ', 'F', '70663140', '2020-12-31', '1992-05-13', '0', 'mmedinaro@ucv.edu.pe', 978156638, 'PTI001', 'PDI0000297'),
('PER0000299', 'PERSONA NATURAL', '', '', 0, 'PPR006', 'RUTH KATHERINE', 'QUISPE SERRANO', 'F', '44574284', '0000-00-00', '1987-09-08', 'PCA025', 'RQUISPES@UCV.EDU.PE', 952961130, 'PTI001', 'PDI0000297'),
('PER0000300', 'PERSONA NATURAL', '', '', 0, 'PPR011', 'EVELING DEL CARMEN', 'BAZAN GARCIA', 'F', '70897293', '0000-00-00', '1994-09-18', 'PCA001', 'EBAZANG@UCV.EDU.PE', 970398420, 'PTI001', 'PDI0000298'),
('PER0000301', 'PERSONA NATURAL', '', '', 0, 'PPR001', 'DINA DEL CARMEN', 'BENEL ARBOLEDA', 'F', '46458366', '2016-12-31', '1990-07-11', 'PCA007', 'dbenel@ucv.edu.pe', 941823207, 'PTI001', 'PDI0000299'),
('PER0000302', 'PERSONA NATURAL', '', '', 0, 'PPR001', 'DELIA', 'ESCUDERO CAJAN', 'F', '45860425', '2016-12-31', '1989-08-06', 'PCA007', 'DESCUDERO@UCV.EDU.PE', 959418022, 'PTI001', 'PDI0000300'),
('PER0000303', 'PERSONA NATURAL', '', '', 0, 'PPR011', 'VERONICA CARLOTA', 'LLAQUE TANTARICO', 'F', '72912747', '0000-00-00', '1993-09-13', 'PCA014', 'TANTARICOVC@CRECE.USS.EDU.PE', 992715057, 'PTI001', 'PDI0000301'),
('PER0000304', 'PERSONA NATURAL', '', '', 0, 'PPR006', 'HEBERT LUIS', 'SUAREZ CORDOVA', 'M', '44570644', '0000-00-00', '1987-08-06', 'PCA002', 'HSUAREZC@UCV.EDU.PE', 989042024, 'PTI001', 'PDI0000302'),
('PER0000305', 'PERSONA NATURAL', '', '', 0, 'PPR011', 'SAMUEL ISAAC', 'MIO PRADA', 'M', '74890251', '0000-00-00', '1995-04-16', 'PCA003', 'smio@ucv.edu.pe', 964146631, 'PTI001', 'PDI0000303'),
('PER0000306', 'PERSONA NATURAL', '', '', 0, 'PPR006', 'ELIZABETH CECILIA', 'CASTAÑEDA SILVA', 'F', '46791731', '0000-00-00', '1991-01-31', 'PCA002', 'ECASTANEDAS@YCV.EDU.PE', 973830478, 'PTI001', 'PDI0000304'),
('PER0000307', 'PERSONA NATURAL', '', '', 0, 'PPR006', 'YEREMY ROYERS', 'GAMBOA GAMARRA', 'M', '47428328', '0000-00-00', '1992-11-13', 'PCA002', 'YGAMBOA@UCV.EDU.PE', 955914369, 'PTI001', 'PDI0000305'),
('PER0000308', 'PERSONA NATURAL', '', '', 0, 'PPR006', 'CECILIA ISABEL', 'ISERN ORTIZ', 'F', '41731244', '2017-05-01', '1982-10-27', 'PCA007', 'CISERN@UCV.EDU.PE', 955509897, 'PTI001', 'PDI0000306'),
('PER0000309', 'PERSONA NATURAL', '', '', 0, 'PPR006', 'KATHERYN LISBETH', 'FALLA TÁVARA', 'F', '48563890', '0000-00-00', '1994-07-08', 'PCA002', 'KFALLA@UCV.EDU.PE', 977122708, 'PTI001', 'PDI0000307'),
('PER0000600', 'PERSONA NATURAL', NULL, NULL, NULL, NULL, 'MANUEL ALBERTO', 'SOLANO ICO', 'M', '00000000', NULL, NULL, 'PTI001', NULL, NULL, 'PDI0000076', NULL);

-- --------------------------------------------------------

--
-- Estructura de tabla para la tabla `tbpersona_area`
--

CREATE TABLE `tbpersona_area` (
  `par_Codigo` varchar(10) COLLATE utf8_unicode_ci NOT NULL,
  `par_per_Codigo` varchar(10) COLLATE utf8_unicode_ci NOT NULL,
  `par_are_Codigo` varchar(10) COLLATE utf8_unicode_ci NOT NULL,
  `par_Estado` int(1) NOT NULL
) ENGINE=InnoDB DEFAULT CHARSET=utf8 COLLATE=utf8_unicode_ci;

--
-- Volcado de datos para la tabla `tbpersona_area`
--

INSERT INTO `tbpersona_area` (`par_Codigo`, `par_per_Codigo`, `par_are_Codigo`, `par_Estado`) VALUES
('PAR0000001', 'PER0000147', 'ARE0000063', 1),
('PAR0000002', 'PER0000103', 'ARE0000004', 1),
('PAR0000003', 'PER0000043', 'ARE0000055', 1),
('PAR0000004', 'PER0000108', 'ARE0000093', 1),
('PAR0000005', 'PER0000165', 'ARE0000087', 1),
('PAR0000006', 'PER0000146', 'ARE0000067', 1),
('PAR0000007', 'PER0000164', 'ARE0000087', 1),
('PAR0000008', 'PER0000116', 'ARE0000039', 1),
('PAR0000009', 'PER0000122', 'ARE0000030', 1),
('PAR0000010', 'PER0000101', 'ARE0000007', 1),
('PAR0000011', 'PER0000141', 'ARE0000032', 1),
('PAR0000012', 'PER0000095', 'ARE0000084', 1),
('PAR0000013', 'PER0000112', 'ARE0000040', 1),
('PAR0000014', 'PER0000096', 'ARE0000044', 1),
('PAR0000015', 'PER0000085', 'ARE0000052', 1),
('PAR0000016', 'PER0000163', 'ARE0000087', 1),
('PAR0000017', 'PER0000140', 'ARE0000032', 1),
('PAR0000018', 'PER0000050', 'ARE0000011', 1),
('PAR0000019', 'PER0000031', 'ARE0000055', 1),
('PAR0000020', 'PER0000030', 'ARE0000088', 1),
('PAR0000021', 'PER0000154', 'ARE0000047', 1),
('PAR0000022', 'PER0000156', 'ARE0000087', 1),
('PAR0000023', 'PER0000138', 'ARE0000058', 1),
('PAR0000024', 'PER0000134', 'ARE0000058', 1),
('PAR0000025', 'PER0000079', 'ARE0000063', 1),
('PAR0000026', 'PER0000125', 'ARE0000049', 1),
('PAR0000027', 'PER0000019', 'ARE0000055', 1),
('PAR0000028', 'PER0000128', 'ARE0000055', 1),
('PAR0000029', 'PER0000018', 'ARE0000055', 1),
('PAR0000030', 'PER0000090', 'ARE0000020', 1),
('PAR0000031', 'PER0000115', 'ARE0000039', 1),
('PAR0000032', 'PER0000042', 'ARE0000063', 1),
('PAR0000033', 'PER0000048', 'ARE0000005', 1),
('PAR0000034', 'PER0000150', 'ARE0000048', 1),
('PAR0000035', 'PER0000162', 'ARE0000087', 1),
('PAR0000036', 'PER0000161', 'ARE0000087', 1),
('PAR0000037', 'PER0000160', 'ARE0000087', 1),
('PAR0000038', 'PER0000065', 'ARE0000058', 1),
('PAR0000039', 'PER0000105', 'ARE0000028', 1),
('PAR0000040', 'PER0000017', 'ARE0000055', 1),
('PAR0000041', 'PER0000114', 'ARE0000039', 1),
('PAR0000042', 'PER0000167', 'ARE0000002', 1),
('PAR0000043', 'PER0000118', 'ARE0000041', 1),
('PAR0000044', 'PER0000110', 'ARE0000042', 1),
('PAR0000045', 'PER0000091', 'ARE0000050', 1),
('PAR0000046', 'PER0000047', 'ARE0000013', 1),
('PAR0000047', 'PER0000094', 'ARE0000044', 1),
('PAR0000048', 'PER0000074', 'ARE0000029', 1),
('PAR0000049', 'PER0000063', 'ARE0000058', 1),
('PAR0000050', 'PER0000124', 'ARE0000049', 1),
('PAR0000051', 'PER0000004', 'ARE0000061', 1),
('PAR0000052', 'PER0000089', 'ARE0000020', 1),
('PAR0000053', 'PER0000045', 'ARE0000026', 1),
('PAR0000054', 'PER0000016', 'ARE0000055', 1),
('PAR0000055', 'PER0000159', 'ARE0000087', 1),
('PAR0000056', 'PER0000107', 'ARE0000092', 1),
('PAR0000057', 'PER0000061', 'ARE0000053', 1),
('PAR0000058', 'PER0000009', 'ARE0000058', 1),
('PAR0000059', 'PER0000001', 'ARE0000047', 1),
('PAR0000060', 'PER0000011', 'ARE0000051', 1),
('PAR0000061', 'PER0000078', 'ARE0000058', 1),
('PAR0000062', 'PER0000155', 'ARE0000087', 1),
('PAR0000063', 'PER0000064', 'ARE0000038', 1),
('PAR0000064', 'PER0000002', 'ARE0000048', 1),
('PAR0000065', 'PER0000158', 'ARE0000087', 1),
('PAR0000066', 'PER0000073', 'ARE0000063', 1),
('PAR0000067', 'PER0000024', 'ARE0000045', 1),
('PAR0000068', 'PER0000015', 'ARE0000086', 1),
('PAR0000069', 'PER0000145', 'ARE0000058', 1),
('PAR0000070', 'PER0000021', 'ARE0000045', 1),
('PAR0000071', 'PER0000111', 'ARE0000037', 1),
('PAR0000072', 'PER0000046', 'ARE0000013', 1),
('PAR0000073', 'PER0000049', 'ARE0000005', 1),
('PAR0000074', 'PER0000055', 'ARE0000087', 1),
('PAR0000075', 'PER0000041', 'ARE0000052', 1),
('PAR0000076', 'PER0000126', 'ARE0000049', 1),
('PAR0000077', 'PER0000008', 'ARE0000058', 1),
('PAR0000078', 'PER0000040', 'ARE0000052', 1),
('PAR0000079', 'PER0000077', 'ARE0000058', 1),
('PAR0000080', 'PER0000137', 'ARE0000058', 1),
('PAR0000081', 'PER0000169', 'ARE0000002', 1),
('PAR0000082', 'PER0000129', 'ARE0000058', 1),
('PAR0000083', 'PER0000133', 'ARE0000058', 1),
('PAR0000084', 'PER0000123', 'ARE0000049', 1),
('PAR0000085', 'PER0000132', 'ARE0000058', 1),
('PAR0000086', 'PER0000072', 'ARE0000063', 1),
('PAR0000087', 'PER0000102', 'ARE0000006', 1),
('PAR0000088', 'PER0000023', 'ARE0000045', 1),
('PAR0000089', 'PER0000093', 'ARE0000013', 1),
('PAR0000090', 'PER0000131', 'ARE0000058', 1),
('PAR0000091', 'PER0000071', 'ARE0000063', 1),
('PAR0000092', 'PER0000144', 'ARE0000058', 1),
('PAR0000093', 'PER0000058', 'ARE0000029', 1),
('PAR0000094', 'PER0000168', 'ARE0000035', 1),
('PAR0000095', 'PER0000153', 'ARE0000047', 1),
('PAR0000096', 'PER0000151', 'ARE0000048', 1),
('PAR0000097', 'PER0000014', 'ARE0000055', 1),
('PAR0000098', 'PER0000070', 'ARE0000065', 1),
('PAR0000099', 'PER0000149', 'ARE0000067', 1),
('PAR0000100', 'PER0000069', 'ARE0000058', 1),
('PAR0000101', 'PER0000013', 'ARE0000055', 1),
('PAR0000102', 'PER0000022', 'ARE0000045', 1),
('PAR0000103', 'PER0000113', 'ARE0000038', 1),
('PAR0000104', 'PER0000083', 'ARE0000052', 1),
('PAR0000105', 'PER0000003', 'ARE0000061', 1),
('PAR0000106', 'PER0000052', 'ARE0000036', 1),
('PAR0000107', 'PER0000082', 'ARE0000046', 1),
('PAR0000108', 'PER0000076', 'ARE0000064', 1),
('PAR0000109', 'PER0000119', 'ARE0000031', 1),
('PAR0000110', 'PER0000136', 'ARE0000058', 1),
('PAR0000111', 'PER0000117', 'ARE0000043', 1),
('PAR0000112', 'PER0000059', 'ARE0000053', 1),
('PAR0000113', 'PER0000130', 'ARE0000058', 1),
('PAR0000114', 'PER0000039', 'ARE0000088', 1),
('PAR0000115', 'PER0000029', 'ARE0000055', 1),
('PAR0000116', 'PER0000038', 'ARE0000055', 1),
('PAR0000117', 'PER0000028', 'ARE0000055', 1),
('PAR0000118', 'PER0000097', 'ARE0000031', 1),
('PAR0000119', 'PER0000037', 'ARE0000088', 1),
('PAR0000120', 'PER0000027', 'ARE0000055', 1),
('PAR0000121', 'PER0000036', 'ARE0000055', 1),
('PAR0000122', 'PER0000100', 'ARE0000026', 1),
('PAR0000123', 'PER0000098', 'ARE0000015', 1),
('PAR0000124', 'PER0000068', 'ARE0000063', 1),
('PAR0000125', 'PER0000035', 'ARE0000055', 1),
('PAR0000126', 'PER0000081', 'ARE0000052', 1),
('PAR0000127', 'PER0000088', 'ARE0000020', 1),
('PAR0000128', 'PER0000109', 'ARE0000094', 1),
('PAR0000129', 'PER0000139', 'ARE0000032', 1),
('PAR0000130', 'PER0000053', 'ARE0000060', 1),
('PAR0000131', 'PER0000034', 'ARE0000088', 1),
('PAR0000132', 'PER0000010', 'ARE0000051', 1),
('PAR0000133', 'PER0000020', 'ARE0000045', 1),
('PAR0000134', 'PER0000051', 'ARE0000032', 1),
('PAR0000135', 'PER0000084', 'ARE0000052', 1),
('PAR0000136', 'PER0000127', 'ARE0000054', 1),
('PAR0000137', 'PER0000067', 'ARE0000063', 1),
('PAR0000138', 'PER0000099', 'ARE0000017', 1),
('PAR0000139', 'PER0000148', 'ARE0000067', 1),
('PAR0000140', 'PER0000087', 'ARE0000020', 1),
('PAR0000141', 'PER0000054', 'ARE0000037', 1),
('PAR0000142', 'PER0000120', 'ARE0000067', 1),
('PAR0000143', 'PER0000062', 'ARE0000058', 1),
('PAR0000144', 'PER0000166', 'ARE0000002', 1),
('PAR0000145', 'PER0000075', 'ARE0000066', 1),
('PAR0000146', 'PER0000104', 'ARE0000019', 1),
('PAR0000147', 'PER0000143', 'ARE0000063', 1),
('PAR0000148', 'PER0000135', 'ARE0000058', 1),
('PAR0000149', 'PER0000057', 'ARE0000029', 1),
('PAR0000150', 'PER0000142', 'ARE0000032', 1),
('PAR0000151', 'PER0000026', 'ARE0000055', 1),
('PAR0000152', 'PER0000025', 'ARE0000055', 1),
('PAR0000153', 'PER0000033', 'ARE0000055', 1),
('PAR0000154', 'PER0000106', 'ARE0000089', 1),
('PAR0000155', 'PER0000012', 'ARE0000055', 1),
('PAR0000156', 'PER0000121', 'ARE0000030', 1),
('PAR0000157', 'PER0000092', 'ARE0000023', 1),
('PAR0000158', 'PER0000005', 'ARE0000090', 1),
('PAR0000159', 'PER0000066', 'ARE0000059', 1),
('PAR0000160', 'PER0000007', 'ARE0000055', 1),
('PAR0000161', 'PER0000060', 'ARE0000053', 1),
('PAR0000162', 'PER0000006', 'ARE0000090', 1),
('PAR0000163', 'PER0000044', 'ARE0000015', 1),
('PAR0000164', 'PER0000157', 'ARE0000087', 1),
('PAR0000165', 'PER0000032', 'ARE0000055', 1),
('PAR0000166', 'PER0000056', 'ARE0000058', 1),
('PAR0000167', 'PER0000080', 'ARE0000052', 1),
('PAR0000168', 'PER0000086', 'ARE0000020', 1),
('PAR0000169', 'PER0000152', 'ARE0000047', 1),
('PAR0000170', 'PER0000045', 'ARE0000025', 0),
('PAR0000171', 'PER0000046', 'ARE0000012', 0),
('PAR0000172', 'PER0000049', 'ARE0000003', 0),
('PAR0000173', 'PER0000049', 'ARE0000008', 0),
('PAR0000174', 'PER0000050', 'ARE0000009', 0),
('PAR0000175', 'PER0000050', 'ARE0000010', 0),
('PAR0000176', 'PER0000084', 'ARE0000091', 0),
('PAR0000177', 'PER0000086', 'ARE0000021', 0),
('PAR0000178', 'PER0000086', 'ARE0000022', 0),
('PAR0000179', 'PER0000090', 'ARE0000024', 0),
('PAR0000180', 'PER0000094', 'ARE0000056', 0),
('PAR0000181', 'PER0000098', 'ARE0000014', 0),
('PAR0000182', 'PER0000099', 'ARE0000016', 0),
('PAR0000183', 'PER0000101', 'ARE0000006', 0),
('PAR0000184', 'PER0000104', 'ARE0000018', 0),
('PAR0000185', 'PER0000105', 'ARE0000027', 0),
('PAR0000186', 'PER0000140', 'ARE0000033', 0),
('PAR0000187', 'PER0000140', 'ARE0000034', 0),
('PAR0000188', 'PER0000146', 'ARE0000068', 0),
('PAR0000189', 'PER0000146', 'ARE0000069', 0),
('PAR0000190', 'PER0000146', 'ARE0000070', 0),
('PAR0000191', 'PER0000170', 'ARE0000091', 1),
('PAR0000192', 'PER0000171', 'ARE0000043', 1),
('PAR0000193', 'PER0000172', 'ARE0000074', 1),
('PAR0000194', 'PER0000173', 'ARE0000077', 1),
('PAR0000195', 'PER0000174', 'ARE0000080', 1),
('PAR0000196', 'PER0000175', 'ARE0000071', 1),
('PAR0000197', 'PER0000176', 'ARE0000057', 1),
('PAR0000198', 'PER0000177', 'ARE0000097', 1),
('PAR0000199', 'PER0000178', 'ARE0000098', 1),
('PAR0000200', 'PER0000179', 'ARE0000099', 1),
('PAR0000201', 'PER0000180', 'ARE0000046', 1),
('PAR0000202', 'PER0000181', 'ARE0000100', 1),
('PAR0000203', 'PER0000182', 'ARE0000101', 1),
('PAR0000204', 'PER0000183', 'ARE0000104', 1),
('PAR0000205', 'PER0000184', 'ARE0000049', 1),
('PAR0000206', 'PER0000185', 'ARE0000020', 1),
('PAR0000207', 'PER0000186', 'ARE0000071', 1),
('PAR0000208', 'PER0000187', 'ARE0000071', 1),
('PAR0000209', 'PER0000188', 'ARE0000074', 1),
('PAR0000210', 'PER0000189', 'ARE0000074', 1),
('PAR0000211', 'PER0000190', 'ARE0000074', 1),
('PAR0000212', 'PER0000191', 'ARE0000074', 1),
('PAR0000213', 'PER0000192', 'ARE0000074', 1),
('PAR0000214', 'PER0000193', 'ARE0000074', 1),
('PAR0000215', 'PER0000194', 'ARE0000074', 1),
('PAR0000216', 'PER0000195', 'ARE0000047', 1),
('PAR0000217', 'PER0000196', 'ARE0000031', 1),
('PAR0000218', 'PER0000197', 'ARE0000052', 1),
('PAR0000219', 'PER0000198', 'ARE0000077', 1),
('PAR0000220', 'PER0000199', 'ARE0000038', 1),
('PAR0000221', 'PER0000200', 'ARE0000041', 1),
('PAR0000222', 'PER0000201', 'ARE0000041', 1),
('PAR0000223', 'PER0000202', 'ARE0000041', 1),
('PAR0000224', 'PER0000203', 'ARE0000041', 1),
('PAR0000225', 'PER0000204', 'ARE0000041', 1),
('PAR0000226', 'PER0000205', 'ARE0000055', 1),
('PAR0000227', 'PER0000206', 'ARE0000020', 1),
('PAR0000228', 'PER0000207', 'ARE0000013', 1),
('PAR0000229', 'PER0000208', 'ARE0000055', 1),
('PAR0000230', 'PER0000209', 'ARE0000043', 1),
('PAR0000231', 'PER0000210', 'ARE0000011', 1),
('PAR0000232', 'PER0000211', 'ARE0000006', 1),
('PAR0000233', 'PER0000212', 'ARE0000041', 1),
('PAR0000234', 'PER0000213', 'ARE0000041', 1),
('PAR0000235', 'PER0000214', 'ARE0000015', 1),
('PAR0000236', 'PER0000215', 'ARE0000005', 1),
('PAR0000237', 'PER0000216', 'ARE0000005', 1),
('PAR0000238', 'PER0000217', 'ARE0000080', 1),
('PAR0000239', 'PER0000218', 'ARE0000080', 1),
('PAR0000240', 'PER0000219', 'ARE0000052', 1),
('PAR0000241', 'PER0000220', 'ARE0000026', 1),
('PAR0000242', 'PER0000221', 'ARE0000037', 1),
('PAR0000243', 'PER0000222', 'ARE0000067', 1),
('PAR0000244', 'PER0000223', 'ARE0000039', 1),
('PAR0000245', 'PER0000224', 'ARE0000032', 1),
('PAR0000246', 'PER0000225', 'ARE0000032', 1),
('PAR0000247', 'PER0000226', 'ARE0000032', 1),
('PAR0000248', 'PER0000227', 'ARE0000074', 1),
('PAR0000249', 'PER0000228', 'ARE0000074', 1),
('PAR0000250', 'PER0000229', 'ARE0000041', 1),
('PAR0000251', 'PER0000230', 'ARE0000026', 1),
('PAR0000252', 'PER0000231', 'ARE0000026', 1),
('PAR0000253', 'PER0000232', 'ARE0000026', 1),
('PAR0000254', 'PER0000233', 'ARE0000026', 1),
('PAR0000255', 'PER0000234', 'ARE0000026', 1),
('PAR0000256', 'PER0000235', 'ARE0000026', 1),
('PAR0000257', 'PER0000236', 'ARE0000026', 1),
('PAR0000258', 'PER0000237', 'ARE0000055', 1),
('PAR0000259', 'PER0000238', 'ARE0000030', 1),
('PAR0000260', 'PER0000239', 'ARE0000058', 1),
('PAR0000261', 'PER0000240', 'ARE0000019', 1),
('PAR0000262', 'PER0000241', 'ARE0000001', 1),
('PAR0000263', 'PER0000242', 'ARE0000055', 1),
('PAR0000264', 'PER0000243', 'ARE0000001', 1),
('PAR0000265', 'PER0000244', 'ARE0000001', 1),
('PAR0000266', 'PER0000245', 'ARE0000058', 1),
('PAR0000267', 'PER0000246', 'ARE0000055', 1),
('PAR0000268', 'PER0000247', 'ARE0000060', 1),
('PAR0000269', 'PER0000248', 'ARE0000001', 1),
('PAR0000270', 'PER0000249', 'ARE0000030', 1),
('PAR0000271', 'PER0000250', 'ARE0000055', 1),
('PAR0000272', 'PER0000251', 'ARE0000030', 1),
('PAR0000273', 'PER0000252', 'ARE0000030', 1),
('PAR0000274', 'PER0000253', 'ARE0000058', 1),
('PAR0000275', 'PER0000254', 'ARE0000055', 1),
('PAR0000276', 'PER0000255', 'ARE0000060', 1),
('PAR0000277', 'PER0000256', 'ARE0000001', 1),
('PAR0000278', 'PER0000257', 'ARE0000001', 1),
('PAR0000279', 'PER0000258', 'ARE0000063', 1),
('PAR0000280', 'PER0000259', 'ARE0000055', 1),
('PAR0000281', 'PER0000260', 'ARE0000001', 1),
('PAR0000282', 'PER0000261', 'ARE0000001', 1),
('PAR0000283', 'PER0000262', 'ARE0000001', 1),
('PAR0000284', 'PER0000263', 'ARE0000058', 1),
('PAR0000285', 'PER0000264', 'ARE0000058', 1),
('PAR0000286', 'PER0000265', 'ARE0000058', 1),
('PAR0000287', 'PER0000266', 'ARE0000053', 1),
('PAR0000288', 'PER0000267', 'ARE0000041', 1),
('PAR0000289', 'PER0000268', 'ARE0000029', 1),
('PAR0000290', 'PER0000269', 'ARE0000014', 1),
('PAR0000291', 'PER0000270', 'ARE0000055', 1),
('PAR0000292', 'PER0000271', 'ARE0000017', 1),
('PAR0000293', 'PER0000272', 'ARE0000041', 1),
('PAR0000294', 'PER0000273', 'ARE0000031', 1),
('PAR0000295', 'PER0000274', 'ARE0000055', 1),
('PAR0000296', 'PER0000275', 'ARE0000071', 1),
('PAR0000297', 'PER0000276', 'ARE0000045', 1),
('PAR0000298', 'PER0000277', 'ARE0000045', 1),
('PAR0000299', 'PER0000278', 'ARE0000064', 1),
('PAR0000300', 'PER0000279', 'ARE0000060', 1),
('PAR0000301', 'PER0000280', 'ARE0000060', 1),
('PAR0000302', 'PER0000281', 'ARE0000041', 1),
('PAR0000303', 'PER0000282', 'ARE0000087', 1),
('PAR0000304', 'PER0000283', 'ARE0000039', 1),
('PAR0000305', 'PER0000284', 'ARE0000087', 1),
('PAR0000306', 'PER0000285', 'ARE0000066', 1),
('PAR0000307', 'PER0000286', 'ARE0000045', 1),
('PAR0000308', 'PER0000287', 'ARE0000048', 1),
('PAR0000309', 'PER0000288', 'ARE0000050', 1),
('PAR0000310', 'PER0000289', 'ARE0000050', 1),
('PAR0000311', 'PER0000290', 'ARE0000049', 1),
('PAR0000312', 'PER0000291', 'ARE0000045', 1),
('PAR0000313', 'PER0000292', 'ARE0000037', 1),
('PAR0000314', 'PER0000293', 'ARE0000037', 1),
('PAR0000315', 'PER0000294', 'ARE0000045', 1),
('PAR0000316', 'PER0000295', 'ARE0000053', 1),
('PAR0000317', 'PER0000296', 'ARE0000040', 1),
('PAR0000318', 'PER0000297', 'ARE0000006', 1),
('PAR0000319', 'PER0000298', 'ARE0000058', 1),
('PAR0000320', 'PER0000299', 'ARE0000041', 1),
('PAR0000321', 'PER0000300', 'ARE0000058', 1),
('PAR0000322', 'PER0000301', 'ARE0000041', 1),
('PAR0000323', 'PER0000302', 'ARE0000041', 1),
('PAR0000324', 'PER0000303', 'ARE0000040', 1),
('PAR0000325', 'PER0000304', 'ARE0000053', 1),
('PAR0000326', 'PER0000305', 'ARE0000058', 1),
('PAR0000327', 'PER0000306', 'ARE0000052', 1),
('PAR0000328', 'PER0000307', 'ARE0000053', 1),
('PAR0000329', 'PER0000308', 'ARE0000036', 1),
('PAR0000330', 'PER0000309', 'ARE0000060', 1),
('PAR0000331', 'PER0000310', 'ARE0000043', 1),
('PAR0000600', 'PER0000600', 'ARE0000039', 1);

-- --------------------------------------------------------

--
-- Estructura de tabla para la tabla `tbpersona_cargo`
--

CREATE TABLE `tbpersona_cargo` (
  `pca_Codigo` varchar(6) COLLATE utf8_unicode_ci NOT NULL,
  `pca_Nombre` varchar(25) COLLATE utf8_unicode_ci NOT NULL
) ENGINE=InnoDB DEFAULT CHARSET=utf8 COLLATE=utf8_unicode_ci;

--
-- Volcado de datos para la tabla `tbpersona_cargo`
--

INSERT INTO `tbpersona_cargo` (`pca_Codigo`, `pca_Nombre`) VALUES
('PCA001', 'ASESOR EDUCATIVO'),
('PCA002', 'ASISTENTE'),
('PCA003', 'AUXILIAR'),
('PCA004', 'CONDUCTOR DE UNIDAD MOVIL'),
('PCA005', 'COORDINADOR'),
('PCA006', 'DIRECTOR'),
('PCA007', 'DOCENTE TC'),
('PCA008', 'DOCENTE TP'),
('PCA009', 'ENFERMERA'),
('PCA010', 'JEFE'),
('PCA011', 'SECRETARIO ACADEMICO'),
('PCA012', 'TECNICO'),
('PCA013', 'MEDICO'),
('PCA014', 'ESTUDIANTE'),
('PCA015', 'EXTERNO'),
('PCA016', 'PROFESIONAL JUNIOR'),
('PCA017', 'AUXILIAR JUNIOR'),
('PCA018', 'VICERRECTOR'),
('PCA019', 'ANALISTA JUNIOR'),
('PCA020', 'AUXILIAR ADMINISTRATIVO'),
('PCA021', 'AUXILIAR JUNIOR'),
('PCA022', 'DIRECTOR DE ESCUELA'),
('PCA023', 'PROFESIONAL JUNIOR'),
('PCA024', 'SUPERVISOR'),
('PCA025', 'DOCENTE TUTORIA');

-- --------------------------------------------------------

--
-- Estructura de tabla para la tabla `tbpersona_tipo`
--

CREATE TABLE `tbpersona_tipo` (
  `pti_Codigo` varchar(6) COLLATE utf8_unicode_ci NOT NULL,
  `pti_Nombre` varchar(20) COLLATE utf8_unicode_ci NOT NULL
) ENGINE=InnoDB DEFAULT CHARSET=utf8 COLLATE=utf8_unicode_ci;

--
-- Volcado de datos para la tabla `tbpersona_tipo`
--

INSERT INTO `tbpersona_tipo` (`pti_Codigo`, `pti_Nombre`) VALUES
('PTI001', 'ADMINISTRATIVO'),
('PTI002', 'ALUMNO'),
('PTI003', 'EXTERNO');

-- --------------------------------------------------------

--
-- Estructura de tabla para la tabla `tipo`
--

CREATE TABLE `tipo` (
  `id` int(5) NOT NULL,
  `descripcion` varchar(30) NOT NULL,
  `glyphicons` varchar(50) NOT NULL,
  `nomb` int(11) DEFAULT NULL,
  `ip` int(11) DEFAULT NULL
) ENGINE=InnoDB DEFAULT CHARSET=utf8;

--
-- Volcado de datos para la tabla `tipo`
--

INSERT INTO `tipo` (`id`, `descripcion`, `glyphicons`, `nomb`, `ip`) VALUES
(1, 'CPU', ' glyphicon glyphicon-modal-window', 1, 1),
(2, 'Monitor', 'glyphicon glyphicon-blackboard', 0, 0),
(3, 'Disco Duro', 'glyphicon glyphicon-hdd', 0, 0),
(4, 'Proyector', ' glyphicon glyphicon-eye-open', 0, 0),
(5, 'All In One', 'glyphicon glyphicon-modal-window', 1, 1),
(6, 'Anexo', 'glyphicon glyphicon-phone-alt', 1, 0),
(7, 'Impresora', 'glyphicon glyphicon-print', 0, 1);

-- --------------------------------------------------------

--
-- Estructura de tabla para la tabla `usuario`
--

CREATE TABLE `usuario` (
  `id` int(11) NOT NULL,
  `nombre` varchar(30) CHARACTER SET latin1 NOT NULL,
  `apellido` varchar(11) CHARACTER SET latin1 NOT NULL,
  `tipo` int(1) NOT NULL,
  `username` varchar(16) CHARACTER SET latin1 NOT NULL,
  `password` varchar(64) NOT NULL
) ENGINE=InnoDB DEFAULT CHARSET=utf8;

--
-- Volcado de datos para la tabla `usuario`
--

INSERT INTO `usuario` (`id`, `nombre`, `apellido`, `tipo`, `username`, `password`) VALUES
(1, 'Manuel', 'Aguinaga', 1, 'Jezuel', '123456');

--
-- Índices para tablas volcadas
--

--
-- Indices de la tabla `asignacion`
--
ALTER TABLE `asignacion`
  ADD PRIMARY KEY (`id_equ_per`);

--
-- Indices de la tabla `equipo`
--
ALTER TABLE `equipo`
  ADD PRIMARY KEY (`id`),
  ADD UNIQUE KEY `codigo` (`codigo`);

--
-- Indices de la tabla `red`
--
ALTER TABLE `red`
  ADD PRIMARY KEY (`id`);

--
-- Indices de la tabla `tbarea`
--
ALTER TABLE `tbarea`
  ADD PRIMARY KEY (`are_Codigo`);

--
-- Indices de la tabla `tbpersona`
--
ALTER TABLE `tbpersona`
  ADD PRIMARY KEY (`per_Codigo`);

--
-- Indices de la tabla `tbpersona_area`
--
ALTER TABLE `tbpersona_area`
  ADD PRIMARY KEY (`par_Codigo`);

--
-- Indices de la tabla `tbpersona_cargo`
--
ALTER TABLE `tbpersona_cargo`
  ADD PRIMARY KEY (`pca_Codigo`);

--
-- Indices de la tabla `tbpersona_tipo`
--
ALTER TABLE `tbpersona_tipo`
  ADD PRIMARY KEY (`pti_Codigo`);

--
-- Indices de la tabla `tipo`
--
ALTER TABLE `tipo`
  ADD PRIMARY KEY (`id`);

--
-- Indices de la tabla `usuario`
--
ALTER TABLE `usuario`
  ADD PRIMARY KEY (`id`);

--
-- AUTO_INCREMENT de las tablas volcadas
--

--
-- AUTO_INCREMENT de la tabla `asignacion`
--
ALTER TABLE `asignacion`
  MODIFY `id_equ_per` int(5) NOT NULL AUTO_INCREMENT;
--
-- AUTO_INCREMENT de la tabla `equipo`
--
ALTER TABLE `equipo`
  MODIFY `id` int(5) NOT NULL AUTO_INCREMENT, AUTO_INCREMENT=77;
--
-- AUTO_INCREMENT de la tabla `red`
--
ALTER TABLE `red`
  MODIFY `id` int(5) NOT NULL AUTO_INCREMENT, AUTO_INCREMENT=34;
/*!40101 SET CHARACTER_SET_CLIENT=@OLD_CHARACTER_SET_CLIENT */;
/*!40101 SET CHARACTER_SET_RESULTS=@OLD_CHARACTER_SET_RESULTS */;
/*!40101 SET COLLATION_CONNECTION=@OLD_COLLATION_CONNECTION */;
